[
  {
    "name": "/model/model.10/Concat_output_0",
    "resource_category": "intermediate_activation",
    "shape": [
      "unk__75",
      512,
      20,
      20
    ],
    "dtype": "float32",
    "storage_kind": "dense",
    "element_count": null,
    "element_size_bytes": 4,
    "raw_bytes": null,
    "mib": null,
    "mb": null,
    "hypothetical_int8_bytes": null,
    "size_status": "UNKNOWN_SHAPE",
    "shape_status": "UNKNOWN_SHAPE",
    "dtype_status": "KNOWN",
    "unknown_reason": "dim[0] symbolic: unk__75",
    "producer_node_id": "main/node_000198",
    "consumer_node_ids": [
      "main/node_000199"
    ],
    "consumer_count": 1,
    "shared_by_multiple_consumers": false,
    "is_graph_output": false,
    "is_graph_input": false,
    "is_initializer": false,
    "original_kind": "intermediate",
    "classification_note": null
  },
  {
    "name": "/model/model.10/Split_output_0",
    "resource_category": "intermediate_activation",
    "shape": [
      "unk__75",
      256,
      "unk__116",
      "unk__117"
    ],
    "dtype": "float32",
    "storage_kind": "dense",
    "element_count": null,
    "element_size_bytes": 4,
    "raw_bytes": null,
    "mib": null,
    "mb": null,
    "hypothetical_int8_bytes": null,
    "size_status": "UNKNOWN_SHAPE",
    "shape_status": "UNKNOWN_SHAPE",
    "dtype_status": "KNOWN",
    "unknown_reason": "dim[0] symbolic: unk__75; dim[2] symbolic: unk__116; dim[3] symbolic: unk__117",
    "producer_node_id": "main/node_000173",
    "consumer_node_ids": [
      "main/node_000198"
    ],
    "consumer_count": 1,
    "shared_by_multiple_consumers": false,
    "is_graph_output": false,
    "is_graph_input": false,
    "is_initializer": false,
    "original_kind": "intermediate",
    "classification_note": null
  },
  {
    "name": "/model/model.10/Split_output_1",
    "resource_category": "intermediate_activation",
    "shape": [
      "unk__75",
      256,
      "unk__116",
      "unk__117"
    ],
    "dtype": "float32",
    "storage_kind": "dense",
    "element_count": null,
    "element_size_bytes": 4,
    "raw_bytes": null,
    "mib": null,
    "mb": null,
    "hypothetical_int8_bytes": null,
    "size_status": "UNKNOWN_SHAPE",
    "shape_status": "UNKNOWN_SHAPE",
    "dtype_status": "KNOWN",
    "unknown_reason": "dim[0] symbolic: unk__75; dim[2] symbolic: unk__116; dim[3] symbolic: unk__117",
    "producer_node_id": "main/node_000173",
    "consumer_node_ids": [
      "main/node_000174",
      "main/node_000192"
    ],
    "consumer_count": 2,
    "shared_by_multiple_consumers": true,
    "is_graph_output": false,
    "is_graph_input": false,
    "is_initializer": false,
    "original_kind": "intermediate",
    "classification_note": null
  },
  {
    "name": "/model/model.10/cv1/act/Mul_output_0",
    "resource_category": "intermediate_activation",
    "shape": [
      "unk__75",
      512,
      "unk__116",
      "unk__117"
    ],
    "dtype": "float32",
    "storage_kind": "dense",
    "element_count": null,
    "element_size_bytes": 4,
    "raw_bytes": null,
    "mib": null,
    "mb": null,
    "hypothetical_int8_bytes": null,
    "size_status": "UNKNOWN_SHAPE",
    "shape_status": "UNKNOWN_SHAPE",
    "dtype_status": "KNOWN",
    "unknown_reason": "dim[0] symbolic: unk__75; dim[2] symbolic: unk__116; dim[3] symbolic: unk__117",
    "producer_node_id": "main/node_000172",
    "consumer_node_ids": [
      "main/node_000173"
    ],
    "consumer_count": 1,
    "shared_by_multiple_consumers": false,
    "is_graph_output": false,
    "is_graph_input": false,
    "is_initializer": false,
    "original_kind": "intermediate",
    "classification_note": null
  },
  {
    "name": "/model/model.10/cv1/act/Sigmoid_output_0",
    "resource_category": "intermediate_activation",
    "shape": [
      "unk__75",
      512,
      "unk__116",
      "unk__117"
    ],
    "dtype": "float32",
    "storage_kind": "dense",
    "element_count": null,
    "element_size_bytes": 4,
    "raw_bytes": null,
    "mib": null,
    "mb": null,
    "hypothetical_int8_bytes": null,
    "size_status": "UNKNOWN_SHAPE",
    "shape_status": "UNKNOWN_SHAPE",
    "dtype_status": "KNOWN",
    "unknown_reason": "dim[0] symbolic: unk__75; dim[2] symbolic: unk__116; dim[3] symbolic: unk__117",
    "producer_node_id": "main/node_000171",
    "consumer_node_ids": [
      "main/node_000172"
    ],
    "consumer_count": 1,
    "shared_by_multiple_consumers": false,
    "is_graph_output": false,
    "is_graph_input": false,
    "is_initializer": false,
    "original_kind": "intermediate",
    "classification_note": null
  },
  {
    "name": "/model/model.10/cv1/conv/Conv_output_0",
    "resource_category": "intermediate_activation",
    "shape": [
      "unk__75",
      512,
      "unk__116",
      "unk__117"
    ],
    "dtype": "float32",
    "storage_kind": "dense",
    "element_count": null,
    "element_size_bytes": 4,
    "raw_bytes": null,
    "mib": null,
    "mb": null,
    "hypothetical_int8_bytes": null,
    "size_status": "UNKNOWN_SHAPE",
    "shape_status": "UNKNOWN_SHAPE",
    "dtype_status": "KNOWN",
    "unknown_reason": "dim[0] symbolic: unk__75; dim[2] symbolic: unk__116; dim[3] symbolic: unk__117",
    "producer_node_id": "main/node_000170",
    "consumer_node_ids": [
      "main/node_000171",
      "main/node_000172"
    ],
    "consumer_count": 2,
    "shared_by_multiple_consumers": true,
    "is_graph_output": false,
    "is_graph_input": false,
    "is_initializer": false,
    "original_kind": "intermediate",
    "classification_note": null
  },
  {
    "name": "/model/model.10/cv2/act/Mul_output_0",
    "resource_category": "intermediate_activation",
    "shape": [
      "unk__75",
      512,
      20,
      20
    ],
    "dtype": "float32",
    "storage_kind": "dense",
    "element_count": null,
    "element_size_bytes": 4,
    "raw_bytes": null,
    "mib": null,
    "mb": null,
    "hypothetical_int8_bytes": null,
    "size_status": "UNKNOWN_SHAPE",
    "shape_status": "UNKNOWN_SHAPE",
    "dtype_status": "KNOWN",
    "unknown_reason": "dim[0] symbolic: unk__75",
    "producer_node_id": "main/node_000201",
    "consumer_node_ids": [
      "main/node_000202"
    ],
    "consumer_count": 1,
    "shared_by_multiple_consumers": false,
    "is_graph_output": false,
    "is_graph_input": false,
    "is_initializer": false,
    "original_kind": "intermediate",
    "classification_note": null
  },
  {
    "name": "/model/model.10/cv2/act/Sigmoid_output_0",
    "resource_category": "intermediate_activation",
    "shape": [
      "unk__75",
      512,
      20,
      20
    ],
    "dtype": "float32",
    "storage_kind": "dense",
    "element_count": null,
    "element_size_bytes": 4,
    "raw_bytes": null,
    "mib": null,
    "mb": null,
    "hypothetical_int8_bytes": null,
    "size_status": "UNKNOWN_SHAPE",
    "shape_status": "UNKNOWN_SHAPE",
    "dtype_status": "KNOWN",
    "unknown_reason": "dim[0] symbolic: unk__75",
    "producer_node_id": "main/node_000200",
    "consumer_node_ids": [
      "main/node_000201"
    ],
    "consumer_count": 1,
    "shared_by_multiple_consumers": false,
    "is_graph_output": false,
    "is_graph_input": false,
    "is_initializer": false,
    "original_kind": "intermediate",
    "classification_note": null
  },
  {
    "name": "/model/model.10/cv2/conv/Conv_output_0",
    "resource_category": "intermediate_activation",
    "shape": [
      "unk__75",
      512,
      20,
      20
    ],
    "dtype": "float32",
    "storage_kind": "dense",
    "element_count": null,
    "element_size_bytes": 4,
    "raw_bytes": null,
    "mib": null,
    "mb": null,
    "hypothetical_int8_bytes": null,
    "size_status": "UNKNOWN_SHAPE",
    "shape_status": "UNKNOWN_SHAPE",
    "dtype_status": "KNOWN",
    "unknown_reason": "dim[0] symbolic: unk__75",
    "producer_node_id": "main/node_000199",
    "consumer_node_ids": [
      "main/node_000200",
      "main/node_000201"
    ],
    "consumer_count": 2,
    "shared_by_multiple_consumers": true,
    "is_graph_output": false,
    "is_graph_input": false,
    "is_initializer": false,
    "original_kind": "intermediate",
    "classification_note": null
  },
  {
    "name": "/model/model.10/m/m.0/Add_1_output_0",
    "resource_category": "intermediate_activation",
    "shape": [
      "unk__75",
      256,
      20,
      20
    ],
    "dtype": "float32",
    "storage_kind": "dense",
    "element_count": null,
    "element_size_bytes": 4,
    "raw_bytes": null,
    "mib": null,
    "mb": null,
    "hypothetical_int8_bytes": null,
    "size_status": "UNKNOWN_SHAPE",
    "shape_status": "UNKNOWN_SHAPE",
    "dtype_status": "KNOWN",
    "unknown_reason": "dim[0] symbolic: unk__75",
    "producer_node_id": "main/node_000197",
    "consumer_node_ids": [
      "main/node_000198"
    ],
    "consumer_count": 1,
    "shared_by_multiple_consumers": false,
    "is_graph_output": false,
    "is_graph_input": false,
    "is_initializer": false,
    "original_kind": "intermediate",
    "classification_note": null
  },
  {
    "name": "/model/model.10/m/m.0/Add_output_0",
    "resource_category": "intermediate_activation",
    "shape": [
      "unk__75",
      256,
      20,
      20
    ],
    "dtype": "float32",
    "storage_kind": "dense",
    "element_count": null,
    "element_size_bytes": 4,
    "raw_bytes": null,
    "mib": null,
    "mb": null,
    "hypothetical_int8_bytes": null,
    "size_status": "UNKNOWN_SHAPE",
    "shape_status": "UNKNOWN_SHAPE",
    "dtype_status": "KNOWN",
    "unknown_reason": "dim[0] symbolic: unk__75",
    "producer_node_id": "main/node_000192",
    "consumer_node_ids": [
      "main/node_000193",
      "main/node_000197"
    ],
    "consumer_count": 2,
    "shared_by_multiple_consumers": true,
    "is_graph_output": false,
    "is_graph_input": false,
    "is_initializer": false,
    "original_kind": "intermediate",
    "classification_note": null
  },
  {
    "name": "/model/model.10/m/m.0/attn/qkv/conv/Conv_output_0",
    "resource_category": "intermediate_activation",
    "shape": [
      "unk__75",
      512,
      "unk__118",
      "unk__119"
    ],
    "dtype": "float32",
    "storage_kind": "dense",
    "element_count": null,
    "element_size_bytes": 4,
    "raw_bytes": null,
    "mib": null,
    "mb": null,
    "hypothetical_int8_bytes": null,
    "size_status": "UNKNOWN_SHAPE",
    "shape_status": "UNKNOWN_SHAPE",
    "dtype_status": "KNOWN",
    "unknown_reason": "dim[0] symbolic: unk__75; dim[2] symbolic: unk__118; dim[3] symbolic: unk__119",
    "producer_node_id": "main/node_000174",
    "consumer_node_ids": [
      "main/node_000176"
    ],
    "consumer_count": 1,
    "shared_by_multiple_consumers": false,
    "is_graph_output": false,
    "is_graph_input": false,
    "is_initializer": false,
    "original_kind": "intermediate",
    "classification_note": null
  },
  {
    "name": "/model/model.10/m/m.0/ffn/ffn.0/act/Mul_output_0",
    "resource_category": "intermediate_activation",
    "shape": [
      "unk__75",
      512,
      20,
      20
    ],
    "dtype": "float32",
    "storage_kind": "dense",
    "element_count": null,
    "element_size_bytes": 4,
    "raw_bytes": null,
    "mib": null,
    "mb": null,
    "hypothetical_int8_bytes": null,
    "size_status": "UNKNOWN_SHAPE",
    "shape_status": "UNKNOWN_SHAPE",
    "dtype_status": "KNOWN",
    "unknown_reason": "dim[0] symbolic: unk__75",
    "producer_node_id": "main/node_000195",
    "consumer_node_ids": [
      "main/node_000196"
    ],
    "consumer_count": 1,
    "shared_by_multiple_consumers": false,
    "is_graph_output": false,
    "is_graph_input": false,
    "is_initializer": false,
    "original_kind": "intermediate",
    "classification_note": null
  },
  {
    "name": "/model/model.10/m/m.0/ffn/ffn.0/act/Sigmoid_output_0",
    "resource_category": "intermediate_activation",
    "shape": [
      "unk__75",
      512,
      20,
      20
    ],
    "dtype": "float32",
    "storage_kind": "dense",
    "element_count": null,
    "element_size_bytes": 4,
    "raw_bytes": null,
    "mib": null,
    "mb": null,
    "hypothetical_int8_bytes": null,
    "size_status": "UNKNOWN_SHAPE",
    "shape_status": "UNKNOWN_SHAPE",
    "dtype_status": "KNOWN",
    "unknown_reason": "dim[0] symbolic: unk__75",
    "producer_node_id": "main/node_000194",
    "consumer_node_ids": [
      "main/node_000195"
    ],
    "consumer_count": 1,
    "shared_by_multiple_consumers": false,
    "is_graph_output": false,
    "is_graph_input": false,
    "is_initializer": false,
    "original_kind": "intermediate",
    "classification_note": null
  },
  {
    "name": "/model/model.10/m/m.0/ffn/ffn.0/conv/Conv_output_0",
    "resource_category": "intermediate_activation",
    "shape": [
      "unk__75",
      512,
      20,
      20
    ],
    "dtype": "float32",
    "storage_kind": "dense",
    "element_count": null,
    "element_size_bytes": 4,
    "raw_bytes": null,
    "mib": null,
    "mb": null,
    "hypothetical_int8_bytes": null,
    "size_status": "UNKNOWN_SHAPE",
    "shape_status": "UNKNOWN_SHAPE",
    "dtype_status": "KNOWN",
    "unknown_reason": "dim[0] symbolic: unk__75",
    "producer_node_id": "main/node_000193",
    "consumer_node_ids": [
      "main/node_000194",
      "main/node_000195"
    ],
    "consumer_count": 2,
    "shared_by_multiple_consumers": true,
    "is_graph_output": false,
    "is_graph_input": false,
    "is_initializer": false,
    "original_kind": "intermediate",
    "classification_note": null
  },
  {
    "name": "/model/model.10/m/m.0/ffn/ffn.1/conv/Conv_output_0",
    "resource_category": "intermediate_activation",
    "shape": [
      "unk__75",
      256,
      20,
      20
    ],
    "dtype": "float32",
    "storage_kind": "dense",
    "element_count": null,
    "element_size_bytes": 4,
    "raw_bytes": null,
    "mib": null,
    "mb": null,
    "hypothetical_int8_bytes": null,
    "size_status": "UNKNOWN_SHAPE",
    "shape_status": "UNKNOWN_SHAPE",
    "dtype_status": "KNOWN",
    "unknown_reason": "dim[0] symbolic: unk__75",
    "producer_node_id": "main/node_000196",
    "consumer_node_ids": [
      "main/node_000197"
    ],
    "consumer_count": 1,
    "shared_by_multiple_consumers": false,
    "is_graph_output": false,
    "is_graph_input": false,
    "is_initializer": false,
    "original_kind": "intermediate",
    "classification_note": null
  },
  {
    "name": "/model/model.11/act/Mul_output_0",
    "resource_category": "intermediate_activation",
    "shape": [
      "unk__75",
      128,
      20,
      20
    ],
    "dtype": "float32",
    "storage_kind": "dense",
    "element_count": null,
    "element_size_bytes": 4,
    "raw_bytes": null,
    "mib": null,
    "mb": null,
    "hypothetical_int8_bytes": null,
    "size_status": "UNKNOWN_SHAPE",
    "shape_status": "UNKNOWN_SHAPE",
    "dtype_status": "KNOWN",
    "unknown_reason": "dim[0] symbolic: unk__75",
    "producer_node_id": "main/node_000204",
    "consumer_node_ids": [
      "main/node_000207"
    ],
    "consumer_count": 1,
    "shared_by_multiple_consumers": false,
    "is_graph_output": false,
    "is_graph_input": false,
    "is_initializer": false,
    "original_kind": "intermediate",
    "classification_note": null
  },
  {
    "name": "/model/model.11/act/Sigmoid_output_0",
    "resource_category": "intermediate_activation",
    "shape": [
      "unk__75",
      128,
      20,
      20
    ],
    "dtype": "float32",
    "storage_kind": "dense",
    "element_count": null,
    "element_size_bytes": 4,
    "raw_bytes": null,
    "mib": null,
    "mb": null,
    "hypothetical_int8_bytes": null,
    "size_status": "UNKNOWN_SHAPE",
    "shape_status": "UNKNOWN_SHAPE",
    "dtype_status": "KNOWN",
    "unknown_reason": "dim[0] symbolic: unk__75",
    "producer_node_id": "main/node_000203",
    "consumer_node_ids": [
      "main/node_000204"
    ],
    "consumer_count": 1,
    "shared_by_multiple_consumers": false,
    "is_graph_output": false,
    "is_graph_input": false,
    "is_initializer": false,
    "original_kind": "intermediate",
    "classification_note": null
  },
  {
    "name": "/model/model.11/conv/Conv_output_0",
    "resource_category": "intermediate_activation",
    "shape": [
      "unk__75",
      128,
      20,
      20
    ],
    "dtype": "float32",
    "storage_kind": "dense",
    "element_count": null,
    "element_size_bytes": 4,
    "raw_bytes": null,
    "mib": null,
    "mb": null,
    "hypothetical_int8_bytes": null,
    "size_status": "UNKNOWN_SHAPE",
    "shape_status": "UNKNOWN_SHAPE",
    "dtype_status": "KNOWN",
    "unknown_reason": "dim[0] symbolic: unk__75",
    "producer_node_id": "main/node_000202",
    "consumer_node_ids": [
      "main/node_000203",
      "main/node_000204"
    ],
    "consumer_count": 2,
    "shared_by_multiple_consumers": true,
    "is_graph_output": false,
    "is_graph_input": false,
    "is_initializer": false,
    "original_kind": "intermediate",
    "classification_note": null
  },
  {
    "name": "/model/model.12/Resize_output_0",
    "resource_category": "intermediate_activation",
    "shape": [
      "unk__120",
      128,
      40,
      40
    ],
    "dtype": "float32",
    "storage_kind": "dense",
    "element_count": null,
    "element_size_bytes": 4,
    "raw_bytes": null,
    "mib": null,
    "mb": null,
    "hypothetical_int8_bytes": null,
    "size_status": "UNKNOWN_SHAPE",
    "shape_status": "UNKNOWN_SHAPE",
    "dtype_status": "KNOWN",
    "unknown_reason": "dim[0] symbolic: unk__120",
    "producer_node_id": "main/node_000207",
    "consumer_node_ids": [
      "main/node_000211"
    ],
    "consumer_count": 1,
    "shared_by_multiple_consumers": false,
    "is_graph_output": false,
    "is_graph_input": false,
    "is_initializer": false,
    "original_kind": "intermediate",
    "classification_note": null
  },
  {
    "name": "/model/model.13/act/Mul_output_0",
    "resource_category": "intermediate_activation",
    "shape": [
      "unk__42",
      128,
      "unk__121",
      "unk__122"
    ],
    "dtype": "float32",
    "storage_kind": "dense",
    "element_count": null,
    "element_size_bytes": 4,
    "raw_bytes": null,
    "mib": null,
    "mb": null,
    "hypothetical_int8_bytes": null,
    "size_status": "UNKNOWN_SHAPE",
    "shape_status": "UNKNOWN_SHAPE",
    "dtype_status": "KNOWN",
    "unknown_reason": "dim[0] symbolic: unk__42; dim[2] symbolic: unk__121; dim[3] symbolic: unk__122",
    "producer_node_id": "main/node_000210",
    "consumer_node_ids": [
      "main/node_000211"
    ],
    "consumer_count": 1,
    "shared_by_multiple_consumers": false,
    "is_graph_output": false,
    "is_graph_input": false,
    "is_initializer": false,
    "original_kind": "intermediate",
    "classification_note": null
  },
  {
    "name": "/model/model.13/act/Sigmoid_output_0",
    "resource_category": "intermediate_activation",
    "shape": [
      "unk__42",
      128,
      "unk__121",
      "unk__122"
    ],
    "dtype": "float32",
    "storage_kind": "dense",
    "element_count": null,
    "element_size_bytes": 4,
    "raw_bytes": null,
    "mib": null,
    "mb": null,
    "hypothetical_int8_bytes": null,
    "size_status": "UNKNOWN_SHAPE",
    "shape_status": "UNKNOWN_SHAPE",
    "dtype_status": "KNOWN",
    "unknown_reason": "dim[0] symbolic: unk__42; dim[2] symbolic: unk__121; dim[3] symbolic: unk__122",
    "producer_node_id": "main/node_000209",
    "consumer_node_ids": [
      "main/node_000210"
    ],
    "consumer_count": 1,
    "shared_by_multiple_consumers": false,
    "is_graph_output": false,
    "is_graph_input": false,
    "is_initializer": false,
    "original_kind": "intermediate",
    "classification_note": null
  },
  {
    "name": "/model/model.13/conv/Conv_output_0",
    "resource_category": "intermediate_activation",
    "shape": [
      "unk__42",
      128,
      "unk__121",
      "unk__122"
    ],
    "dtype": "float32",
    "storage_kind": "dense",
    "element_count": null,
    "element_size_bytes": 4,
    "raw_bytes": null,
    "mib": null,
    "mb": null,
    "hypothetical_int8_bytes": null,
    "size_status": "UNKNOWN_SHAPE",
    "shape_status": "UNKNOWN_SHAPE",
    "dtype_status": "KNOWN",
    "unknown_reason": "dim[0] symbolic: unk__42; dim[2] symbolic: unk__121; dim[3] symbolic: unk__122",
    "producer_node_id": "main/node_000208",
    "consumer_node_ids": [
      "main/node_000209",
      "main/node_000210"
    ],
    "consumer_count": 2,
    "shared_by_multiple_consumers": true,
    "is_graph_output": false,
    "is_graph_input": false,
    "is_initializer": false,
    "original_kind": "intermediate",
    "classification_note": null
  },
  {
    "name": "/model/model.14/Concat_output_0",
    "resource_category": "intermediate_activation",
    "shape": [
      "unk__42",
      256,
      40,
      40
    ],
    "dtype": "float32",
    "storage_kind": "dense",
    "element_count": null,
    "element_size_bytes": 4,
    "raw_bytes": null,
    "mib": null,
    "mb": null,
    "hypothetical_int8_bytes": null,
    "size_status": "UNKNOWN_SHAPE",
    "shape_status": "UNKNOWN_SHAPE",
    "dtype_status": "KNOWN",
    "unknown_reason": "dim[0] symbolic: unk__42",
    "producer_node_id": "main/node_000211",
    "consumer_node_ids": [
      "main/node_000212"
    ],
    "consumer_count": 1,
    "shared_by_multiple_consumers": false,
    "is_graph_output": false,
    "is_graph_input": false,
    "is_initializer": false,
    "original_kind": "intermediate",
    "classification_note": null
  },
  {
    "name": "/model/model.15/act/Mul_output_0",
    "resource_category": "intermediate_activation",
    "shape": [
      "unk__42",
      256,
      40,
      40
    ],
    "dtype": "float32",
    "storage_kind": "dense",
    "element_count": null,
    "element_size_bytes": 4,
    "raw_bytes": null,
    "mib": null,
    "mb": null,
    "hypothetical_int8_bytes": null,
    "size_status": "UNKNOWN_SHAPE",
    "shape_status": "UNKNOWN_SHAPE",
    "dtype_status": "KNOWN",
    "unknown_reason": "dim[0] symbolic: unk__42",
    "producer_node_id": "main/node_000214",
    "consumer_node_ids": [
      "main/node_000215",
      "main/node_000229",
      "main/node_000243",
      "main/node_000257"
    ],
    "consumer_count": 4,
    "shared_by_multiple_consumers": true,
    "is_graph_output": false,
    "is_graph_input": false,
    "is_initializer": false,
    "original_kind": "intermediate",
    "classification_note": null
  },
  {
    "name": "/model/model.15/act/Sigmoid_output_0",
    "resource_category": "intermediate_activation",
    "shape": [
      "unk__42",
      256,
      40,
      40
    ],
    "dtype": "float32",
    "storage_kind": "dense",
    "element_count": null,
    "element_size_bytes": 4,
    "raw_bytes": null,
    "mib": null,
    "mb": null,
    "hypothetical_int8_bytes": null,
    "size_status": "UNKNOWN_SHAPE",
    "shape_status": "UNKNOWN_SHAPE",
    "dtype_status": "KNOWN",
    "unknown_reason": "dim[0] symbolic: unk__42",
    "producer_node_id": "main/node_000213",
    "consumer_node_ids": [
      "main/node_000214"
    ],
    "consumer_count": 1,
    "shared_by_multiple_consumers": false,
    "is_graph_output": false,
    "is_graph_input": false,
    "is_initializer": false,
    "original_kind": "intermediate",
    "classification_note": null
  },
  {
    "name": "/model/model.15/conv/Conv_output_0",
    "resource_category": "intermediate_activation",
    "shape": [
      "unk__42",
      256,
      40,
      40
    ],
    "dtype": "float32",
    "storage_kind": "dense",
    "element_count": null,
    "element_size_bytes": 4,
    "raw_bytes": null,
    "mib": null,
    "mb": null,
    "hypothetical_int8_bytes": null,
    "size_status": "UNKNOWN_SHAPE",
    "shape_status": "UNKNOWN_SHAPE",
    "dtype_status": "KNOWN",
    "unknown_reason": "dim[0] symbolic: unk__42",
    "producer_node_id": "main/node_000212",
    "consumer_node_ids": [
      "main/node_000213",
      "main/node_000214"
    ],
    "consumer_count": 2,
    "shared_by_multiple_consumers": true,
    "is_graph_output": false,
    "is_graph_input": false,
    "is_initializer": false,
    "original_kind": "intermediate",
    "classification_note": null
  },
  {
    "name": "/model/model.16/task_branches.0/Flatten_output_0",
    "resource_category": "intermediate_activation",
    "shape": [
      "unk__42",
      640
    ],
    "dtype": "float32",
    "storage_kind": "dense",
    "element_count": null,
    "element_size_bytes": 4,
    "raw_bytes": null,
    "mib": null,
    "mb": null,
    "hypothetical_int8_bytes": null,
    "size_status": "UNKNOWN_SHAPE",
    "shape_status": "UNKNOWN_SHAPE",
    "dtype_status": "KNOWN",
    "unknown_reason": "dim[0] symbolic: unk__42",
    "producer_node_id": "main/node_000217",
    "consumer_node_ids": [
      "main/node_000218"
    ],
    "consumer_count": 1,
    "shared_by_multiple_consumers": false,
    "is_graph_output": false,
    "is_graph_input": false,
    "is_initializer": false,
    "original_kind": "intermediate",
    "classification_note": null
  },
  {
    "name": "/model/model.16/task_branches.0/Tanh_output_0",
    "resource_category": "intermediate_activation",
    "shape": [
      "unk__42",
      56
    ],
    "dtype": "float32",
    "storage_kind": "dense",
    "element_count": null,
    "element_size_bytes": 4,
    "raw_bytes": null,
    "mib": null,
    "mb": null,
    "hypothetical_int8_bytes": null,
    "size_status": "UNKNOWN_SHAPE",
    "shape_status": "UNKNOWN_SHAPE",
    "dtype_status": "KNOWN",
    "unknown_reason": "dim[0] symbolic: unk__42",
    "producer_node_id": "main/node_000224",
    "consumer_node_ids": [
      "main/node_000226"
    ],
    "consumer_count": 1,
    "shared_by_multiple_consumers": false,
    "is_graph_output": false,
    "is_graph_input": false,
    "is_initializer": false,
    "original_kind": "intermediate",
    "classification_note": null
  },
  {
    "name": "/model/model.16/task_branches.0/act/Relu_output_0",
    "resource_category": "intermediate_activation",
    "shape": [
      "unk__42",
      512
    ],
    "dtype": "float32",
    "storage_kind": "dense",
    "element_count": null,
    "element_size_bytes": 4,
    "raw_bytes": null,
    "mib": null,
    "mb": null,
    "hypothetical_int8_bytes": null,
    "size_status": "UNKNOWN_SHAPE",
    "shape_status": "UNKNOWN_SHAPE",
    "dtype_status": "KNOWN",
    "unknown_reason": "dim[0] symbolic: unk__42",
    "producer_node_id": "main/node_000219",
    "consumer_node_ids": [
      "main/node_000220",
      "main/node_000223"
    ],
    "consumer_count": 2,
    "shared_by_multiple_consumers": true,
    "is_graph_output": false,
    "is_graph_input": false,
    "is_initializer": false,
    "original_kind": "intermediate",
    "classification_note": null
  },
  {
    "name": "/model/model.16/task_branches.0/cls_fc1/Gemm_output_0",
    "resource_category": "intermediate_activation",
    "shape": [
      "unk__42",
      512
    ],
    "dtype": "float32",
    "storage_kind": "dense",
    "element_count": null,
    "element_size_bytes": 4,
    "raw_bytes": null,
    "mib": null,
    "mb": null,
    "hypothetical_int8_bytes": null,
    "size_status": "UNKNOWN_SHAPE",
    "shape_status": "UNKNOWN_SHAPE",
    "dtype_status": "KNOWN",
    "unknown_reason": "dim[0] symbolic: unk__42",
    "producer_node_id": "main/node_000218",
    "consumer_node_ids": [
      "main/node_000219"
    ],
    "consumer_count": 1,
    "shared_by_multiple_consumers": false,
    "is_graph_output": false,
    "is_graph_input": false,
    "is_initializer": false,
    "original_kind": "intermediate",
    "classification_note": null
  },
  {
    "name": "/model/model.16/task_branches.0/cls_fc2/Gemm_output_0",
    "resource_category": "intermediate_activation",
    "shape": [
      "unk__42",
      9016
    ],
    "dtype": "float32",
    "storage_kind": "dense",
    "element_count": null,
    "element_size_bytes": 4,
    "raw_bytes": null,
    "mib": null,
    "mb": null,
    "hypothetical_int8_bytes": null,
    "size_status": "UNKNOWN_SHAPE",
    "shape_status": "UNKNOWN_SHAPE",
    "dtype_status": "KNOWN",
    "unknown_reason": "dim[0] symbolic: unk__42",
    "producer_node_id": "main/node_000220",
    "consumer_node_ids": [
      "main/node_000222"
    ],
    "consumer_count": 1,
    "shared_by_multiple_consumers": false,
    "is_graph_output": false,
    "is_graph_input": false,
    "is_initializer": false,
    "original_kind": "intermediate",
    "classification_note": null
  },
  {
    "name": "/model/model.16/task_branches.0/conv_1x1/Conv_output_0",
    "resource_category": "intermediate_activation",
    "shape": [
      "unk__42",
      8,
      40,
      40
    ],
    "dtype": "float32",
    "storage_kind": "dense",
    "element_count": null,
    "element_size_bytes": 4,
    "raw_bytes": null,
    "mib": null,
    "mb": null,
    "hypothetical_int8_bytes": null,
    "size_status": "UNKNOWN_SHAPE",
    "shape_status": "UNKNOWN_SHAPE",
    "dtype_status": "KNOWN",
    "unknown_reason": "dim[0] symbolic: unk__42",
    "producer_node_id": "main/node_000215",
    "consumer_node_ids": [
      "main/node_000216"
    ],
    "consumer_count": 1,
    "shared_by_multiple_consumers": false,
    "is_graph_output": false,
    "is_graph_input": false,
    "is_initializer": false,
    "original_kind": "intermediate",
    "classification_note": null
  },
  {
    "name": "/model/model.16/task_branches.0/offset_fc/Gemm_output_0",
    "resource_category": "intermediate_activation",
    "shape": [
      "unk__42",
      56
    ],
    "dtype": "float32",
    "storage_kind": "dense",
    "element_count": null,
    "element_size_bytes": 4,
    "raw_bytes": null,
    "mib": null,
    "mb": null,
    "hypothetical_int8_bytes": null,
    "size_status": "UNKNOWN_SHAPE",
    "shape_status": "UNKNOWN_SHAPE",
    "dtype_status": "KNOWN",
    "unknown_reason": "dim[0] symbolic: unk__42",
    "producer_node_id": "main/node_000223",
    "consumer_node_ids": [
      "main/node_000224"
    ],
    "consumer_count": 1,
    "shared_by_multiple_consumers": false,
    "is_graph_output": false,
    "is_graph_input": false,
    "is_initializer": false,
    "original_kind": "intermediate",
    "classification_note": null
  },
  {
    "name": "/model/model.16/task_branches.0/pool/AveragePool_output_0",
    "resource_category": "intermediate_activation",
    "shape": [
      "unk__42",
      8,
      8,
      10
    ],
    "dtype": "float32",
    "storage_kind": "dense",
    "element_count": null,
    "element_size_bytes": 4,
    "raw_bytes": null,
    "mib": null,
    "mb": null,
    "hypothetical_int8_bytes": null,
    "size_status": "UNKNOWN_SHAPE",
    "shape_status": "UNKNOWN_SHAPE",
    "dtype_status": "KNOWN",
    "unknown_reason": "dim[0] symbolic: unk__42",
    "producer_node_id": "main/node_000216",
    "consumer_node_ids": [
      "main/node_000217"
    ],
    "consumer_count": 1,
    "shared_by_multiple_consumers": false,
    "is_graph_output": false,
    "is_graph_input": false,
    "is_initializer": false,
    "original_kind": "intermediate",
    "classification_note": null
  },
  {
    "name": "/model/model.16/task_branches.1/Flatten_output_0",
    "resource_category": "intermediate_activation",
    "shape": [
      "unk__42",
      640
    ],
    "dtype": "float32",
    "storage_kind": "dense",
    "element_count": null,
    "element_size_bytes": 4,
    "raw_bytes": null,
    "mib": null,
    "mb": null,
    "hypothetical_int8_bytes": null,
    "size_status": "UNKNOWN_SHAPE",
    "shape_status": "UNKNOWN_SHAPE",
    "dtype_status": "KNOWN",
    "unknown_reason": "dim[0] symbolic: unk__42",
    "producer_node_id": "main/node_000231",
    "consumer_node_ids": [
      "main/node_000232"
    ],
    "consumer_count": 1,
    "shared_by_multiple_consumers": false,
    "is_graph_output": false,
    "is_graph_input": false,
    "is_initializer": false,
    "original_kind": "intermediate",
    "classification_note": null
  },
  {
    "name": "/model/model.16/task_branches.1/Tanh_output_0",
    "resource_category": "intermediate_activation",
    "shape": [
      "unk__42",
      56
    ],
    "dtype": "float32",
    "storage_kind": "dense",
    "element_count": null,
    "element_size_bytes": 4,
    "raw_bytes": null,
    "mib": null,
    "mb": null,
    "hypothetical_int8_bytes": null,
    "size_status": "UNKNOWN_SHAPE",
    "shape_status": "UNKNOWN_SHAPE",
    "dtype_status": "KNOWN",
    "unknown_reason": "dim[0] symbolic: unk__42",
    "producer_node_id": "main/node_000238",
    "consumer_node_ids": [
      "main/node_000240"
    ],
    "consumer_count": 1,
    "shared_by_multiple_consumers": false,
    "is_graph_output": false,
    "is_graph_input": false,
    "is_initializer": false,
    "original_kind": "intermediate",
    "classification_note": null
  },
  {
    "name": "/model/model.16/task_branches.1/act/Relu_output_0",
    "resource_category": "intermediate_activation",
    "shape": [
      "unk__42",
      512
    ],
    "dtype": "float32",
    "storage_kind": "dense",
    "element_count": null,
    "element_size_bytes": 4,
    "raw_bytes": null,
    "mib": null,
    "mb": null,
    "hypothetical_int8_bytes": null,
    "size_status": "UNKNOWN_SHAPE",
    "shape_status": "UNKNOWN_SHAPE",
    "dtype_status": "KNOWN",
    "unknown_reason": "dim[0] symbolic: unk__42",
    "producer_node_id": "main/node_000233",
    "consumer_node_ids": [
      "main/node_000234",
      "main/node_000237"
    ],
    "consumer_count": 2,
    "shared_by_multiple_consumers": true,
    "is_graph_output": false,
    "is_graph_input": false,
    "is_initializer": false,
    "original_kind": "intermediate",
    "classification_note": null
  },
  {
    "name": "/model/model.16/task_branches.1/cls_fc1/Gemm_output_0",
    "resource_category": "intermediate_activation",
    "shape": [
      "unk__42",
      512
    ],
    "dtype": "float32",
    "storage_kind": "dense",
    "element_count": null,
    "element_size_bytes": 4,
    "raw_bytes": null,
    "mib": null,
    "mb": null,
    "hypothetical_int8_bytes": null,
    "size_status": "UNKNOWN_SHAPE",
    "shape_status": "UNKNOWN_SHAPE",
    "dtype_status": "KNOWN",
    "unknown_reason": "dim[0] symbolic: unk__42",
    "producer_node_id": "main/node_000232",
    "consumer_node_ids": [
      "main/node_000233"
    ],
    "consumer_count": 1,
    "shared_by_multiple_consumers": false,
    "is_graph_output": false,
    "is_graph_input": false,
    "is_initializer": false,
    "original_kind": "intermediate",
    "classification_note": null
  },
  {
    "name": "/model/model.16/task_branches.1/cls_fc2/Gemm_output_0",
    "resource_category": "intermediate_activation",
    "shape": [
      "unk__42",
      9016
    ],
    "dtype": "float32",
    "storage_kind": "dense",
    "element_count": null,
    "element_size_bytes": 4,
    "raw_bytes": null,
    "mib": null,
    "mb": null,
    "hypothetical_int8_bytes": null,
    "size_status": "UNKNOWN_SHAPE",
    "shape_status": "UNKNOWN_SHAPE",
    "dtype_status": "KNOWN",
    "unknown_reason": "dim[0] symbolic: unk__42",
    "producer_node_id": "main/node_000234",
    "consumer_node_ids": [
      "main/node_000236"
    ],
    "consumer_count": 1,
    "shared_by_multiple_consumers": false,
    "is_graph_output": false,
    "is_graph_input": false,
    "is_initializer": false,
    "original_kind": "intermediate",
    "classification_note": null
  },
  {
    "name": "/model/model.16/task_branches.1/conv_1x1/Conv_output_0",
    "resource_category": "intermediate_activation",
    "shape": [
      "unk__42",
      8,
      40,
      40
    ],
    "dtype": "float32",
    "storage_kind": "dense",
    "element_count": null,
    "element_size_bytes": 4,
    "raw_bytes": null,
    "mib": null,
    "mb": null,
    "hypothetical_int8_bytes": null,
    "size_status": "UNKNOWN_SHAPE",
    "shape_status": "UNKNOWN_SHAPE",
    "dtype_status": "KNOWN",
    "unknown_reason": "dim[0] symbolic: unk__42",
    "producer_node_id": "main/node_000229",
    "consumer_node_ids": [
      "main/node_000230"
    ],
    "consumer_count": 1,
    "shared_by_multiple_consumers": false,
    "is_graph_output": false,
    "is_graph_input": false,
    "is_initializer": false,
    "original_kind": "intermediate",
    "classification_note": null
  },
  {
    "name": "/model/model.16/task_branches.1/offset_fc/Gemm_output_0",
    "resource_category": "intermediate_activation",
    "shape": [
      "unk__42",
      56
    ],
    "dtype": "float32",
    "storage_kind": "dense",
    "element_count": null,
    "element_size_bytes": 4,
    "raw_bytes": null,
    "mib": null,
    "mb": null,
    "hypothetical_int8_bytes": null,
    "size_status": "UNKNOWN_SHAPE",
    "shape_status": "UNKNOWN_SHAPE",
    "dtype_status": "KNOWN",
    "unknown_reason": "dim[0] symbolic: unk__42",
    "producer_node_id": "main/node_000237",
    "consumer_node_ids": [
      "main/node_000238"
    ],
    "consumer_count": 1,
    "shared_by_multiple_consumers": false,
    "is_graph_output": false,
    "is_graph_input": false,
    "is_initializer": false,
    "original_kind": "intermediate",
    "classification_note": null
  },
  {
    "name": "/model/model.16/task_branches.1/pool/AveragePool_output_0",
    "resource_category": "intermediate_activation",
    "shape": [
      "unk__42",
      8,
      8,
      10
    ],
    "dtype": "float32",
    "storage_kind": "dense",
    "element_count": null,
    "element_size_bytes": 4,
    "raw_bytes": null,
    "mib": null,
    "mb": null,
    "hypothetical_int8_bytes": null,
    "size_status": "UNKNOWN_SHAPE",
    "shape_status": "UNKNOWN_SHAPE",
    "dtype_status": "KNOWN",
    "unknown_reason": "dim[0] symbolic: unk__42",
    "producer_node_id": "main/node_000230",
    "consumer_node_ids": [
      "main/node_000231"
    ],
    "consumer_count": 1,
    "shared_by_multiple_consumers": false,
    "is_graph_output": false,
    "is_graph_input": false,
    "is_initializer": false,
    "original_kind": "intermediate",
    "classification_note": null
  },
  {
    "name": "/model/model.16/task_branches.2/Flatten_output_0",
    "resource_category": "intermediate_activation",
    "shape": [
      "unk__42",
      640
    ],
    "dtype": "float32",
    "storage_kind": "dense",
    "element_count": null,
    "element_size_bytes": 4,
    "raw_bytes": null,
    "mib": null,
    "mb": null,
    "hypothetical_int8_bytes": null,
    "size_status": "UNKNOWN_SHAPE",
    "shape_status": "UNKNOWN_SHAPE",
    "dtype_status": "KNOWN",
    "unknown_reason": "dim[0] symbolic: unk__42",
    "producer_node_id": "main/node_000245",
    "consumer_node_ids": [
      "main/node_000246"
    ],
    "consumer_count": 1,
    "shared_by_multiple_consumers": false,
    "is_graph_output": false,
    "is_graph_input": false,
    "is_initializer": false,
    "original_kind": "intermediate",
    "classification_note": null
  },
  {
    "name": "/model/model.16/task_branches.2/Tanh_output_0",
    "resource_category": "intermediate_activation",
    "shape": [
      "unk__42",
      56
    ],
    "dtype": "float32",
    "storage_kind": "dense",
    "element_count": null,
    "element_size_bytes": 4,
    "raw_bytes": null,
    "mib": null,
    "mb": null,
    "hypothetical_int8_bytes": null,
    "size_status": "UNKNOWN_SHAPE",
    "shape_status": "UNKNOWN_SHAPE",
    "dtype_status": "KNOWN",
    "unknown_reason": "dim[0] symbolic: unk__42",
    "producer_node_id": "main/node_000252",
    "consumer_node_ids": [
      "main/node_000254"
    ],
    "consumer_count": 1,
    "shared_by_multiple_consumers": false,
    "is_graph_output": false,
    "is_graph_input": false,
    "is_initializer": false,
    "original_kind": "intermediate",
    "classification_note": null
  },
  {
    "name": "/model/model.16/task_branches.2/act/Relu_output_0",
    "resource_category": "intermediate_activation",
    "shape": [
      "unk__42",
      512
    ],
    "dtype": "float32",
    "storage_kind": "dense",
    "element_count": null,
    "element_size_bytes": 4,
    "raw_bytes": null,
    "mib": null,
    "mb": null,
    "hypothetical_int8_bytes": null,
    "size_status": "UNKNOWN_SHAPE",
    "shape_status": "UNKNOWN_SHAPE",
    "dtype_status": "KNOWN",
    "unknown_reason": "dim[0] symbolic: unk__42",
    "producer_node_id": "main/node_000247",
    "consumer_node_ids": [
      "main/node_000248",
      "main/node_000251"
    ],
    "consumer_count": 2,
    "shared_by_multiple_consumers": true,
    "is_graph_output": false,
    "is_graph_input": false,
    "is_initializer": false,
    "original_kind": "intermediate",
    "classification_note": null
  },
  {
    "name": "/model/model.16/task_branches.2/cls_fc1/Gemm_output_0",
    "resource_category": "intermediate_activation",
    "shape": [
      "unk__42",
      512
    ],
    "dtype": "float32",
    "storage_kind": "dense",
    "element_count": null,
    "element_size_bytes": 4,
    "raw_bytes": null,
    "mib": null,
    "mb": null,
    "hypothetical_int8_bytes": null,
    "size_status": "UNKNOWN_SHAPE",
    "shape_status": "UNKNOWN_SHAPE",
    "dtype_status": "KNOWN",
    "unknown_reason": "dim[0] symbolic: unk__42",
    "producer_node_id": "main/node_000246",
    "consumer_node_ids": [
      "main/node_000247"
    ],
    "consumer_count": 1,
    "shared_by_multiple_consumers": false,
    "is_graph_output": false,
    "is_graph_input": false,
    "is_initializer": false,
    "original_kind": "intermediate",
    "classification_note": null
  },
  {
    "name": "/model/model.16/task_branches.2/cls_fc2/Gemm_output_0",
    "resource_category": "intermediate_activation",
    "shape": [
      "unk__42",
      9016
    ],
    "dtype": "float32",
    "storage_kind": "dense",
    "element_count": null,
    "element_size_bytes": 4,
    "raw_bytes": null,
    "mib": null,
    "mb": null,
    "hypothetical_int8_bytes": null,
    "size_status": "UNKNOWN_SHAPE",
    "shape_status": "UNKNOWN_SHAPE",
    "dtype_status": "KNOWN",
    "unknown_reason": "dim[0] symbolic: unk__42",
    "producer_node_id": "main/node_000248",
    "consumer_node_ids": [
      "main/node_000250"
    ],
    "consumer_count": 1,
    "shared_by_multiple_consumers": false,
    "is_graph_output": false,
    "is_graph_input": false,
    "is_initializer": false,
    "original_kind": "intermediate",
    "classification_note": null
  },
  {
    "name": "/model/model.16/task_branches.2/conv_1x1/Conv_output_0",
    "resource_category": "intermediate_activation",
    "shape": [
      "unk__42",
      8,
      40,
      40
    ],
    "dtype": "float32",
    "storage_kind": "dense",
    "element_count": null,
    "element_size_bytes": 4,
    "raw_bytes": null,
    "mib": null,
    "mb": null,
    "hypothetical_int8_bytes": null,
    "size_status": "UNKNOWN_SHAPE",
    "shape_status": "UNKNOWN_SHAPE",
    "dtype_status": "KNOWN",
    "unknown_reason": "dim[0] symbolic: unk__42",
    "producer_node_id": "main/node_000243",
    "consumer_node_ids": [
      "main/node_000244"
    ],
    "consumer_count": 1,
    "shared_by_multiple_consumers": false,
    "is_graph_output": false,
    "is_graph_input": false,
    "is_initializer": false,
    "original_kind": "intermediate",
    "classification_note": null
  },
  {
    "name": "/model/model.16/task_branches.2/offset_fc/Gemm_output_0",
    "resource_category": "intermediate_activation",
    "shape": [
      "unk__42",
      56
    ],
    "dtype": "float32",
    "storage_kind": "dense",
    "element_count": null,
    "element_size_bytes": 4,
    "raw_bytes": null,
    "mib": null,
    "mb": null,
    "hypothetical_int8_bytes": null,
    "size_status": "UNKNOWN_SHAPE",
    "shape_status": "UNKNOWN_SHAPE",
    "dtype_status": "KNOWN",
    "unknown_reason": "dim[0] symbolic: unk__42",
    "producer_node_id": "main/node_000251",
    "consumer_node_ids": [
      "main/node_000252"
    ],
    "consumer_count": 1,
    "shared_by_multiple_consumers": false,
    "is_graph_output": false,
    "is_graph_input": false,
    "is_initializer": false,
    "original_kind": "intermediate",
    "classification_note": null
  },
  {
    "name": "/model/model.16/task_branches.2/pool/AveragePool_output_0",
    "resource_category": "intermediate_activation",
    "shape": [
      "unk__42",
      8,
      8,
      10
    ],
    "dtype": "float32",
    "storage_kind": "dense",
    "element_count": null,
    "element_size_bytes": 4,
    "raw_bytes": null,
    "mib": null,
    "mb": null,
    "hypothetical_int8_bytes": null,
    "size_status": "UNKNOWN_SHAPE",
    "shape_status": "UNKNOWN_SHAPE",
    "dtype_status": "KNOWN",
    "unknown_reason": "dim[0] symbolic: unk__42",
    "producer_node_id": "main/node_000244",
    "consumer_node_ids": [
      "main/node_000245"
    ],
    "consumer_count": 1,
    "shared_by_multiple_consumers": false,
    "is_graph_output": false,
    "is_graph_input": false,
    "is_initializer": false,
    "original_kind": "intermediate",
    "classification_note": null
  },
  {
    "name": "/model/model.16/task_branches.3/Flatten_output_0",
    "resource_category": "intermediate_activation",
    "shape": [
      "unk__42",
      640
    ],
    "dtype": "float32",
    "storage_kind": "dense",
    "element_count": null,
    "element_size_bytes": 4,
    "raw_bytes": null,
    "mib": null,
    "mb": null,
    "hypothetical_int8_bytes": null,
    "size_status": "UNKNOWN_SHAPE",
    "shape_status": "UNKNOWN_SHAPE",
    "dtype_status": "KNOWN",
    "unknown_reason": "dim[0] symbolic: unk__42",
    "producer_node_id": "main/node_000259",
    "consumer_node_ids": [
      "main/node_000260"
    ],
    "consumer_count": 1,
    "shared_by_multiple_consumers": false,
    "is_graph_output": false,
    "is_graph_input": false,
    "is_initializer": false,
    "original_kind": "intermediate",
    "classification_note": null
  },
  {
    "name": "/model/model.16/task_branches.3/Tanh_output_0",
    "resource_category": "intermediate_activation",
    "shape": [
      "unk__42",
      56
    ],
    "dtype": "float32",
    "storage_kind": "dense",
    "element_count": null,
    "element_size_bytes": 4,
    "raw_bytes": null,
    "mib": null,
    "mb": null,
    "hypothetical_int8_bytes": null,
    "size_status": "UNKNOWN_SHAPE",
    "shape_status": "UNKNOWN_SHAPE",
    "dtype_status": "KNOWN",
    "unknown_reason": "dim[0] symbolic: unk__42",
    "producer_node_id": "main/node_000266",
    "consumer_node_ids": [
      "main/node_000268"
    ],
    "consumer_count": 1,
    "shared_by_multiple_consumers": false,
    "is_graph_output": false,
    "is_graph_input": false,
    "is_initializer": false,
    "original_kind": "intermediate",
    "classification_note": null
  },
  {
    "name": "/model/model.16/task_branches.3/act/Relu_output_0",
    "resource_category": "intermediate_activation",
    "shape": [
      "unk__42",
      512
    ],
    "dtype": "float32",
    "storage_kind": "dense",
    "element_count": null,
    "element_size_bytes": 4,
    "raw_bytes": null,
    "mib": null,
    "mb": null,
    "hypothetical_int8_bytes": null,
    "size_status": "UNKNOWN_SHAPE",
    "shape_status": "UNKNOWN_SHAPE",
    "dtype_status": "KNOWN",
    "unknown_reason": "dim[0] symbolic: unk__42",
    "producer_node_id": "main/node_000261",
    "consumer_node_ids": [
      "main/node_000262",
      "main/node_000265"
    ],
    "consumer_count": 2,
    "shared_by_multiple_consumers": true,
    "is_graph_output": false,
    "is_graph_input": false,
    "is_initializer": false,
    "original_kind": "intermediate",
    "classification_note": null
  },
  {
    "name": "/model/model.16/task_branches.3/cls_fc1/Gemm_output_0",
    "resource_category": "intermediate_activation",
    "shape": [
      "unk__42",
      512
    ],
    "dtype": "float32",
    "storage_kind": "dense",
    "element_count": null,
    "element_size_bytes": 4,
    "raw_bytes": null,
    "mib": null,
    "mb": null,
    "hypothetical_int8_bytes": null,
    "size_status": "UNKNOWN_SHAPE",
    "shape_status": "UNKNOWN_SHAPE",
    "dtype_status": "KNOWN",
    "unknown_reason": "dim[0] symbolic: unk__42",
    "producer_node_id": "main/node_000260",
    "consumer_node_ids": [
      "main/node_000261"
    ],
    "consumer_count": 1,
    "shared_by_multiple_consumers": false,
    "is_graph_output": false,
    "is_graph_input": false,
    "is_initializer": false,
    "original_kind": "intermediate",
    "classification_note": null
  },
  {
    "name": "/model/model.16/task_branches.3/cls_fc2/Gemm_output_0",
    "resource_category": "intermediate_activation",
    "shape": [
      "unk__42",
      9016
    ],
    "dtype": "float32",
    "storage_kind": "dense",
    "element_count": null,
    "element_size_bytes": 4,
    "raw_bytes": null,
    "mib": null,
    "mb": null,
    "hypothetical_int8_bytes": null,
    "size_status": "UNKNOWN_SHAPE",
    "shape_status": "UNKNOWN_SHAPE",
    "dtype_status": "KNOWN",
    "unknown_reason": "dim[0] symbolic: unk__42",
    "producer_node_id": "main/node_000262",
    "consumer_node_ids": [
      "main/node_000264"
    ],
    "consumer_count": 1,
    "shared_by_multiple_consumers": false,
    "is_graph_output": false,
    "is_graph_input": false,
    "is_initializer": false,
    "original_kind": "intermediate",
    "classification_note": null
  },
  {
    "name": "/model/model.16/task_branches.3/conv_1x1/Conv_output_0",
    "resource_category": "intermediate_activation",
    "shape": [
      "unk__42",
      8,
      40,
      40
    ],
    "dtype": "float32",
    "storage_kind": "dense",
    "element_count": null,
    "element_size_bytes": 4,
    "raw_bytes": null,
    "mib": null,
    "mb": null,
    "hypothetical_int8_bytes": null,
    "size_status": "UNKNOWN_SHAPE",
    "shape_status": "UNKNOWN_SHAPE",
    "dtype_status": "KNOWN",
    "unknown_reason": "dim[0] symbolic: unk__42",
    "producer_node_id": "main/node_000257",
    "consumer_node_ids": [
      "main/node_000258"
    ],
    "consumer_count": 1,
    "shared_by_multiple_consumers": false,
    "is_graph_output": false,
    "is_graph_input": false,
    "is_initializer": false,
    "original_kind": "intermediate",
    "classification_note": null
  },
  {
    "name": "/model/model.16/task_branches.3/offset_fc/Gemm_output_0",
    "resource_category": "intermediate_activation",
    "shape": [
      "unk__42",
      56
    ],
    "dtype": "float32",
    "storage_kind": "dense",
    "element_count": null,
    "element_size_bytes": 4,
    "raw_bytes": null,
    "mib": null,
    "mb": null,
    "hypothetical_int8_bytes": null,
    "size_status": "UNKNOWN_SHAPE",
    "shape_status": "UNKNOWN_SHAPE",
    "dtype_status": "KNOWN",
    "unknown_reason": "dim[0] symbolic: unk__42",
    "producer_node_id": "main/node_000265",
    "consumer_node_ids": [
      "main/node_000266"
    ],
    "consumer_count": 1,
    "shared_by_multiple_consumers": false,
    "is_graph_output": false,
    "is_graph_input": false,
    "is_initializer": false,
    "original_kind": "intermediate",
    "classification_note": null
  },
  {
    "name": "/model/model.16/task_branches.3/pool/AveragePool_output_0",
    "resource_category": "intermediate_activation",
    "shape": [
      "unk__42",
      8,
      8,
      10
    ],
    "dtype": "float32",
    "storage_kind": "dense",
    "element_count": null,
    "element_size_bytes": 4,
    "raw_bytes": null,
    "mib": null,
    "mb": null,
    "hypothetical_int8_bytes": null,
    "size_status": "UNKNOWN_SHAPE",
    "shape_status": "UNKNOWN_SHAPE",
    "dtype_status": "KNOWN",
    "unknown_reason": "dim[0] symbolic: unk__42",
    "producer_node_id": "main/node_000258",
    "consumer_node_ids": [
      "main/node_000259"
    ],
    "consumer_count": 1,
    "shared_by_multiple_consumers": false,
    "is_graph_output": false,
    "is_graph_input": false,
    "is_initializer": false,
    "original_kind": "intermediate",
    "classification_note": null
  },
  {
    "name": "/model/model.2/Concat_output_0",
    "resource_category": "intermediate_activation",
    "shape": [
      "unk__0",
      "unk__14",
      "unk__2",
      "unk__3"
    ],
    "dtype": "float32",
    "storage_kind": "dense",
    "element_count": null,
    "element_size_bytes": 4,
    "raw_bytes": null,
    "mib": null,
    "mb": null,
    "hypothetical_int8_bytes": null,
    "size_status": "UNKNOWN_SHAPE",
    "shape_status": "UNKNOWN_SHAPE",
    "dtype_status": "KNOWN",
    "unknown_reason": "dim[0] symbolic: unk__0; dim[1] symbolic: unk__14; dim[2] symbolic: unk__2; dim[3] symbolic: unk__3",
    "producer_node_id": "main/node_000030",
    "consumer_node_ids": [
      "main/node_000031"
    ],
    "consumer_count": 1,
    "shared_by_multiple_consumers": false,
    "is_graph_output": false,
    "is_graph_input": false,
    "is_initializer": false,
    "original_kind": "intermediate",
    "classification_note": null
  },
  {
    "name": "/model/model.2/Slice_1_output_0",
    "resource_category": "intermediate_activation",
    "shape": [
      "unk__4",
      "unk__5",
      "unk__6",
      "unk__7"
    ],
    "dtype": "float32",
    "storage_kind": "dense",
    "element_count": null,
    "element_size_bytes": 4,
    "raw_bytes": null,
    "mib": null,
    "mb": null,
    "hypothetical_int8_bytes": null,
    "size_status": "UNKNOWN_SHAPE",
    "shape_status": "UNKNOWN_SHAPE",
    "dtype_status": "KNOWN",
    "unknown_reason": "dim[0] symbolic: unk__4; dim[1] symbolic: unk__5; dim[2] symbolic: unk__6; dim[3] symbolic: unk__7",
    "producer_node_id": "main/node_000022",
    "consumer_node_ids": [
      "main/node_000023",
      "main/node_000029",
      "main/node_000030"
    ],
    "consumer_count": 3,
    "shared_by_multiple_consumers": true,
    "is_graph_output": false,
    "is_graph_input": false,
    "is_initializer": false,
    "original_kind": "intermediate",
    "classification_note": null
  },
  {
    "name": "/model/model.2/Slice_output_0",
    "resource_category": "intermediate_activation",
    "shape": [
      "unk__0",
      "unk__1",
      "unk__2",
      "unk__3"
    ],
    "dtype": "float32",
    "storage_kind": "dense",
    "element_count": null,
    "element_size_bytes": 4,
    "raw_bytes": null,
    "mib": null,
    "mb": null,
    "hypothetical_int8_bytes": null,
    "size_status": "UNKNOWN_SHAPE",
    "shape_status": "UNKNOWN_SHAPE",
    "dtype_status": "KNOWN",
    "unknown_reason": "dim[0] symbolic: unk__0; dim[1] symbolic: unk__1; dim[2] symbolic: unk__2; dim[3] symbolic: unk__3",
    "producer_node_id": "main/node_000019",
    "consumer_node_ids": [
      "main/node_000030"
    ],
    "consumer_count": 1,
    "shared_by_multiple_consumers": false,
    "is_graph_output": false,
    "is_graph_input": false,
    "is_initializer": false,
    "original_kind": "intermediate",
    "classification_note": null
  },
  {
    "name": "/model/model.2/cv2/act/Mul_output_0",
    "resource_category": "intermediate_activation",
    "shape": [
      "unk__0",
      128,
      "unk__15",
      "unk__16"
    ],
    "dtype": "float32",
    "storage_kind": "dense",
    "element_count": null,
    "element_size_bytes": 4,
    "raw_bytes": null,
    "mib": null,
    "mb": null,
    "hypothetical_int8_bytes": null,
    "size_status": "UNKNOWN_SHAPE",
    "shape_status": "UNKNOWN_SHAPE",
    "dtype_status": "KNOWN",
    "unknown_reason": "dim[0] symbolic: unk__0; dim[2] symbolic: unk__15; dim[3] symbolic: unk__16",
    "producer_node_id": "main/node_000033",
    "consumer_node_ids": [
      "main/node_000034"
    ],
    "consumer_count": 1,
    "shared_by_multiple_consumers": false,
    "is_graph_output": false,
    "is_graph_input": false,
    "is_initializer": false,
    "original_kind": "intermediate",
    "classification_note": null
  },
  {
    "name": "/model/model.2/cv2/act/Sigmoid_output_0",
    "resource_category": "intermediate_activation",
    "shape": [
      "unk__0",
      128,
      "unk__15",
      "unk__16"
    ],
    "dtype": "float32",
    "storage_kind": "dense",
    "element_count": null,
    "element_size_bytes": 4,
    "raw_bytes": null,
    "mib": null,
    "mb": null,
    "hypothetical_int8_bytes": null,
    "size_status": "UNKNOWN_SHAPE",
    "shape_status": "UNKNOWN_SHAPE",
    "dtype_status": "KNOWN",
    "unknown_reason": "dim[0] symbolic: unk__0; dim[2] symbolic: unk__15; dim[3] symbolic: unk__16",
    "producer_node_id": "main/node_000032",
    "consumer_node_ids": [
      "main/node_000033"
    ],
    "consumer_count": 1,
    "shared_by_multiple_consumers": false,
    "is_graph_output": false,
    "is_graph_input": false,
    "is_initializer": false,
    "original_kind": "intermediate",
    "classification_note": null
  },
  {
    "name": "/model/model.2/cv2/conv/Conv_output_0",
    "resource_category": "intermediate_activation",
    "shape": [
      "unk__0",
      128,
      "unk__15",
      "unk__16"
    ],
    "dtype": "float32",
    "storage_kind": "dense",
    "element_count": null,
    "element_size_bytes": 4,
    "raw_bytes": null,
    "mib": null,
    "mb": null,
    "hypothetical_int8_bytes": null,
    "size_status": "UNKNOWN_SHAPE",
    "shape_status": "UNKNOWN_SHAPE",
    "dtype_status": "KNOWN",
    "unknown_reason": "dim[0] symbolic: unk__0; dim[2] symbolic: unk__15; dim[3] symbolic: unk__16",
    "producer_node_id": "main/node_000031",
    "consumer_node_ids": [
      "main/node_000032",
      "main/node_000033"
    ],
    "consumer_count": 2,
    "shared_by_multiple_consumers": true,
    "is_graph_output": false,
    "is_graph_input": false,
    "is_initializer": false,
    "original_kind": "intermediate",
    "classification_note": null
  },
  {
    "name": "/model/model.2/m.0/Add_output_0",
    "resource_category": "intermediate_activation",
    "shape": [
      "unk__4",
      32,
      "unk__12",
      "unk__13"
    ],
    "dtype": "float32",
    "storage_kind": "dense",
    "element_count": null,
    "element_size_bytes": 4,
    "raw_bytes": null,
    "mib": null,
    "mb": null,
    "hypothetical_int8_bytes": null,
    "size_status": "UNKNOWN_SHAPE",
    "shape_status": "UNKNOWN_SHAPE",
    "dtype_status": "KNOWN",
    "unknown_reason": "dim[0] symbolic: unk__4; dim[2] symbolic: unk__12; dim[3] symbolic: unk__13",
    "producer_node_id": "main/node_000029",
    "consumer_node_ids": [
      "main/node_000030"
    ],
    "consumer_count": 1,
    "shared_by_multiple_consumers": false,
    "is_graph_output": false,
    "is_graph_input": false,
    "is_initializer": false,
    "original_kind": "intermediate",
    "classification_note": null
  },
  {
    "name": "/model/model.2/m.0/cv1/act/Mul_output_0",
    "resource_category": "intermediate_activation",
    "shape": [
      "unk__4",
      16,
      "unk__8",
      "unk__9"
    ],
    "dtype": "float32",
    "storage_kind": "dense",
    "element_count": null,
    "element_size_bytes": 4,
    "raw_bytes": null,
    "mib": null,
    "mb": null,
    "hypothetical_int8_bytes": null,
    "size_status": "UNKNOWN_SHAPE",
    "shape_status": "UNKNOWN_SHAPE",
    "dtype_status": "KNOWN",
    "unknown_reason": "dim[0] symbolic: unk__4; dim[2] symbolic: unk__8; dim[3] symbolic: unk__9",
    "producer_node_id": "main/node_000025",
    "consumer_node_ids": [
      "main/node_000026"
    ],
    "consumer_count": 1,
    "shared_by_multiple_consumers": false,
    "is_graph_output": false,
    "is_graph_input": false,
    "is_initializer": false,
    "original_kind": "intermediate",
    "classification_note": null
  },
  {
    "name": "/model/model.2/m.0/cv1/act/Sigmoid_output_0",
    "resource_category": "intermediate_activation",
    "shape": [
      "unk__4",
      16,
      "unk__8",
      "unk__9"
    ],
    "dtype": "float32",
    "storage_kind": "dense",
    "element_count": null,
    "element_size_bytes": 4,
    "raw_bytes": null,
    "mib": null,
    "mb": null,
    "hypothetical_int8_bytes": null,
    "size_status": "UNKNOWN_SHAPE",
    "shape_status": "UNKNOWN_SHAPE",
    "dtype_status": "KNOWN",
    "unknown_reason": "dim[0] symbolic: unk__4; dim[2] symbolic: unk__8; dim[3] symbolic: unk__9",
    "producer_node_id": "main/node_000024",
    "consumer_node_ids": [
      "main/node_000025"
    ],
    "consumer_count": 1,
    "shared_by_multiple_consumers": false,
    "is_graph_output": false,
    "is_graph_input": false,
    "is_initializer": false,
    "original_kind": "intermediate",
    "classification_note": null
  },
  {
    "name": "/model/model.2/m.0/cv1/conv/Conv_output_0",
    "resource_category": "intermediate_activation",
    "shape": [
      "unk__4",
      16,
      "unk__8",
      "unk__9"
    ],
    "dtype": "float32",
    "storage_kind": "dense",
    "element_count": null,
    "element_size_bytes": 4,
    "raw_bytes": null,
    "mib": null,
    "mb": null,
    "hypothetical_int8_bytes": null,
    "size_status": "UNKNOWN_SHAPE",
    "shape_status": "UNKNOWN_SHAPE",
    "dtype_status": "KNOWN",
    "unknown_reason": "dim[0] symbolic: unk__4; dim[2] symbolic: unk__8; dim[3] symbolic: unk__9",
    "producer_node_id": "main/node_000023",
    "consumer_node_ids": [
      "main/node_000024",
      "main/node_000025"
    ],
    "consumer_count": 2,
    "shared_by_multiple_consumers": true,
    "is_graph_output": false,
    "is_graph_input": false,
    "is_initializer": false,
    "original_kind": "intermediate",
    "classification_note": null
  },
  {
    "name": "/model/model.2/m.0/cv2/act/Mul_output_0",
    "resource_category": "intermediate_activation",
    "shape": [
      "unk__4",
      32,
      "unk__10",
      "unk__11"
    ],
    "dtype": "float32",
    "storage_kind": "dense",
    "element_count": null,
    "element_size_bytes": 4,
    "raw_bytes": null,
    "mib": null,
    "mb": null,
    "hypothetical_int8_bytes": null,
    "size_status": "UNKNOWN_SHAPE",
    "shape_status": "UNKNOWN_SHAPE",
    "dtype_status": "KNOWN",
    "unknown_reason": "dim[0] symbolic: unk__4; dim[2] symbolic: unk__10; dim[3] symbolic: unk__11",
    "producer_node_id": "main/node_000028",
    "consumer_node_ids": [
      "main/node_000029"
    ],
    "consumer_count": 1,
    "shared_by_multiple_consumers": false,
    "is_graph_output": false,
    "is_graph_input": false,
    "is_initializer": false,
    "original_kind": "intermediate",
    "classification_note": null
  },
  {
    "name": "/model/model.2/m.0/cv2/act/Sigmoid_output_0",
    "resource_category": "intermediate_activation",
    "shape": [
      "unk__4",
      32,
      "unk__10",
      "unk__11"
    ],
    "dtype": "float32",
    "storage_kind": "dense",
    "element_count": null,
    "element_size_bytes": 4,
    "raw_bytes": null,
    "mib": null,
    "mb": null,
    "hypothetical_int8_bytes": null,
    "size_status": "UNKNOWN_SHAPE",
    "shape_status": "UNKNOWN_SHAPE",
    "dtype_status": "KNOWN",
    "unknown_reason": "dim[0] symbolic: unk__4; dim[2] symbolic: unk__10; dim[3] symbolic: unk__11",
    "producer_node_id": "main/node_000027",
    "consumer_node_ids": [
      "main/node_000028"
    ],
    "consumer_count": 1,
    "shared_by_multiple_consumers": false,
    "is_graph_output": false,
    "is_graph_input": false,
    "is_initializer": false,
    "original_kind": "intermediate",
    "classification_note": null
  },
  {
    "name": "/model/model.2/m.0/cv2/conv/Conv_output_0",
    "resource_category": "intermediate_activation",
    "shape": [
      "unk__4",
      32,
      "unk__10",
      "unk__11"
    ],
    "dtype": "float32",
    "storage_kind": "dense",
    "element_count": null,
    "element_size_bytes": 4,
    "raw_bytes": null,
    "mib": null,
    "mb": null,
    "hypothetical_int8_bytes": null,
    "size_status": "UNKNOWN_SHAPE",
    "shape_status": "UNKNOWN_SHAPE",
    "dtype_status": "KNOWN",
    "unknown_reason": "dim[0] symbolic: unk__4; dim[2] symbolic: unk__10; dim[3] symbolic: unk__11",
    "producer_node_id": "main/node_000026",
    "consumer_node_ids": [
      "main/node_000027",
      "main/node_000028"
    ],
    "consumer_count": 2,
    "shared_by_multiple_consumers": true,
    "is_graph_output": false,
    "is_graph_input": false,
    "is_initializer": false,
    "original_kind": "intermediate",
    "classification_note": null
  },
  {
    "name": "/model/model.3/act/Mul_output_0",
    "resource_category": "intermediate_activation",
    "shape": [
      "unk__0",
      128,
      "unk__17",
      "unk__18"
    ],
    "dtype": "float32",
    "storage_kind": "dense",
    "element_count": null,
    "element_size_bytes": 4,
    "raw_bytes": null,
    "mib": null,
    "mb": null,
    "hypothetical_int8_bytes": null,
    "size_status": "UNKNOWN_SHAPE",
    "shape_status": "UNKNOWN_SHAPE",
    "dtype_status": "KNOWN",
    "unknown_reason": "dim[0] symbolic: unk__0; dim[2] symbolic: unk__17; dim[3] symbolic: unk__18",
    "producer_node_id": "main/node_000036",
    "consumer_node_ids": [
      "main/node_000037"
    ],
    "consumer_count": 1,
    "shared_by_multiple_consumers": false,
    "is_graph_output": false,
    "is_graph_input": false,
    "is_initializer": false,
    "original_kind": "intermediate",
    "classification_note": null
  },
  {
    "name": "/model/model.3/act/Sigmoid_output_0",
    "resource_category": "intermediate_activation",
    "shape": [
      "unk__0",
      128,
      "unk__17",
      "unk__18"
    ],
    "dtype": "float32",
    "storage_kind": "dense",
    "element_count": null,
    "element_size_bytes": 4,
    "raw_bytes": null,
    "mib": null,
    "mb": null,
    "hypothetical_int8_bytes": null,
    "size_status": "UNKNOWN_SHAPE",
    "shape_status": "UNKNOWN_SHAPE",
    "dtype_status": "KNOWN",
    "unknown_reason": "dim[0] symbolic: unk__0; dim[2] symbolic: unk__17; dim[3] symbolic: unk__18",
    "producer_node_id": "main/node_000035",
    "consumer_node_ids": [
      "main/node_000036"
    ],
    "consumer_count": 1,
    "shared_by_multiple_consumers": false,
    "is_graph_output": false,
    "is_graph_input": false,
    "is_initializer": false,
    "original_kind": "intermediate",
    "classification_note": null
  },
  {
    "name": "/model/model.3/conv/Conv_output_0",
    "resource_category": "intermediate_activation",
    "shape": [
      "unk__0",
      128,
      "unk__17",
      "unk__18"
    ],
    "dtype": "float32",
    "storage_kind": "dense",
    "element_count": null,
    "element_size_bytes": 4,
    "raw_bytes": null,
    "mib": null,
    "mb": null,
    "hypothetical_int8_bytes": null,
    "size_status": "UNKNOWN_SHAPE",
    "shape_status": "UNKNOWN_SHAPE",
    "dtype_status": "KNOWN",
    "unknown_reason": "dim[0] symbolic: unk__0; dim[2] symbolic: unk__17; dim[3] symbolic: unk__18",
    "producer_node_id": "main/node_000034",
    "consumer_node_ids": [
      "main/node_000035",
      "main/node_000036"
    ],
    "consumer_count": 2,
    "shared_by_multiple_consumers": true,
    "is_graph_output": false,
    "is_graph_input": false,
    "is_initializer": false,
    "original_kind": "intermediate",
    "classification_note": null
  },
  {
    "name": "/model/model.4/Concat_output_0",
    "resource_category": "intermediate_activation",
    "shape": [
      "unk__21",
      "unk__35",
      "unk__23",
      "unk__24"
    ],
    "dtype": "float32",
    "storage_kind": "dense",
    "element_count": null,
    "element_size_bytes": 4,
    "raw_bytes": null,
    "mib": null,
    "mb": null,
    "hypothetical_int8_bytes": null,
    "size_status": "UNKNOWN_SHAPE",
    "shape_status": "UNKNOWN_SHAPE",
    "dtype_status": "KNOWN",
    "unknown_reason": "dim[0] symbolic: unk__21; dim[1] symbolic: unk__35; dim[2] symbolic: unk__23; dim[3] symbolic: unk__24",
    "producer_node_id": "main/node_000061",
    "consumer_node_ids": [
      "main/node_000062"
    ],
    "consumer_count": 1,
    "shared_by_multiple_consumers": false,
    "is_graph_output": false,
    "is_graph_input": false,
    "is_initializer": false,
    "original_kind": "intermediate",
    "classification_note": null
  },
  {
    "name": "/model/model.4/Slice_1_output_0",
    "resource_category": "intermediate_activation",
    "shape": [
      "unk__25",
      "unk__26",
      "unk__27",
      "unk__28"
    ],
    "dtype": "float32",
    "storage_kind": "dense",
    "element_count": null,
    "element_size_bytes": 4,
    "raw_bytes": null,
    "mib": null,
    "mb": null,
    "hypothetical_int8_bytes": null,
    "size_status": "UNKNOWN_SHAPE",
    "shape_status": "UNKNOWN_SHAPE",
    "dtype_status": "KNOWN",
    "unknown_reason": "dim[0] symbolic: unk__25; dim[1] symbolic: unk__26; dim[2] symbolic: unk__27; dim[3] symbolic: unk__28",
    "producer_node_id": "main/node_000053",
    "consumer_node_ids": [
      "main/node_000054",
      "main/node_000060",
      "main/node_000061"
    ],
    "consumer_count": 3,
    "shared_by_multiple_consumers": true,
    "is_graph_output": false,
    "is_graph_input": false,
    "is_initializer": false,
    "original_kind": "intermediate",
    "classification_note": null
  },
  {
    "name": "/model/model.4/Slice_output_0",
    "resource_category": "intermediate_activation",
    "shape": [
      "unk__21",
      "unk__22",
      "unk__23",
      "unk__24"
    ],
    "dtype": "float32",
    "storage_kind": "dense",
    "element_count": null,
    "element_size_bytes": 4,
    "raw_bytes": null,
    "mib": null,
    "mb": null,
    "hypothetical_int8_bytes": null,
    "size_status": "UNKNOWN_SHAPE",
    "shape_status": "UNKNOWN_SHAPE",
    "dtype_status": "KNOWN",
    "unknown_reason": "dim[0] symbolic: unk__21; dim[1] symbolic: unk__22; dim[2] symbolic: unk__23; dim[3] symbolic: unk__24",
    "producer_node_id": "main/node_000050",
    "consumer_node_ids": [
      "main/node_000061"
    ],
    "consumer_count": 1,
    "shared_by_multiple_consumers": false,
    "is_graph_output": false,
    "is_graph_input": false,
    "is_initializer": false,
    "original_kind": "intermediate",
    "classification_note": null
  },
  {
    "name": "/model/model.4/cv1/act/Mul_output_0",
    "resource_category": "intermediate_activation",
    "shape": [
      "unk__0",
      128,
      "unk__19",
      "unk__20"
    ],
    "dtype": "float32",
    "storage_kind": "dense",
    "element_count": null,
    "element_size_bytes": 4,
    "raw_bytes": null,
    "mib": null,
    "mb": null,
    "hypothetical_int8_bytes": null,
    "size_status": "UNKNOWN_SHAPE",
    "shape_status": "UNKNOWN_SHAPE",
    "dtype_status": "KNOWN",
    "unknown_reason": "dim[0] symbolic: unk__0; dim[2] symbolic: unk__19; dim[3] symbolic: unk__20",
    "producer_node_id": "main/node_000039",
    "consumer_node_ids": [
      "main/node_000040",
      "main/node_000050",
      "main/node_000053"
    ],
    "consumer_count": 3,
    "shared_by_multiple_consumers": true,
    "is_graph_output": false,
    "is_graph_input": false,
    "is_initializer": false,
    "original_kind": "intermediate",
    "classification_note": null
  },
  {
    "name": "/model/model.4/cv1/act/Sigmoid_output_0",
    "resource_category": "intermediate_activation",
    "shape": [
      "unk__0",
      128,
      "unk__19",
      "unk__20"
    ],
    "dtype": "float32",
    "storage_kind": "dense",
    "element_count": null,
    "element_size_bytes": 4,
    "raw_bytes": null,
    "mib": null,
    "mb": null,
    "hypothetical_int8_bytes": null,
    "size_status": "UNKNOWN_SHAPE",
    "shape_status": "UNKNOWN_SHAPE",
    "dtype_status": "KNOWN",
    "unknown_reason": "dim[0] symbolic: unk__0; dim[2] symbolic: unk__19; dim[3] symbolic: unk__20",
    "producer_node_id": "main/node_000038",
    "consumer_node_ids": [
      "main/node_000039"
    ],
    "consumer_count": 1,
    "shared_by_multiple_consumers": false,
    "is_graph_output": false,
    "is_graph_input": false,
    "is_initializer": false,
    "original_kind": "intermediate",
    "classification_note": null
  },
  {
    "name": "/model/model.4/cv1/conv/Conv_output_0",
    "resource_category": "intermediate_activation",
    "shape": [
      "unk__0",
      128,
      "unk__19",
      "unk__20"
    ],
    "dtype": "float32",
    "storage_kind": "dense",
    "element_count": null,
    "element_size_bytes": 4,
    "raw_bytes": null,
    "mib": null,
    "mb": null,
    "hypothetical_int8_bytes": null,
    "size_status": "UNKNOWN_SHAPE",
    "shape_status": "UNKNOWN_SHAPE",
    "dtype_status": "KNOWN",
    "unknown_reason": "dim[0] symbolic: unk__0; dim[2] symbolic: unk__19; dim[3] symbolic: unk__20",
    "producer_node_id": "main/node_000037",
    "consumer_node_ids": [
      "main/node_000038",
      "main/node_000039"
    ],
    "consumer_count": 2,
    "shared_by_multiple_consumers": true,
    "is_graph_output": false,
    "is_graph_input": false,
    "is_initializer": false,
    "original_kind": "intermediate",
    "classification_note": null
  },
  {
    "name": "/model/model.4/cv2/act/Mul_output_0",
    "resource_category": "intermediate_activation",
    "shape": [
      "unk__21",
      256,
      "unk__36",
      "unk__37"
    ],
    "dtype": "float32",
    "storage_kind": "dense",
    "element_count": null,
    "element_size_bytes": 4,
    "raw_bytes": null,
    "mib": null,
    "mb": null,
    "hypothetical_int8_bytes": null,
    "size_status": "UNKNOWN_SHAPE",
    "shape_status": "UNKNOWN_SHAPE",
    "dtype_status": "KNOWN",
    "unknown_reason": "dim[0] symbolic: unk__21; dim[2] symbolic: unk__36; dim[3] symbolic: unk__37",
    "producer_node_id": "main/node_000064",
    "consumer_node_ids": [
      "main/node_000065"
    ],
    "consumer_count": 1,
    "shared_by_multiple_consumers": false,
    "is_graph_output": false,
    "is_graph_input": false,
    "is_initializer": false,
    "original_kind": "intermediate",
    "classification_note": null
  },
  {
    "name": "/model/model.4/cv2/act/Sigmoid_output_0",
    "resource_category": "intermediate_activation",
    "shape": [
      "unk__21",
      256,
      "unk__36",
      "unk__37"
    ],
    "dtype": "float32",
    "storage_kind": "dense",
    "element_count": null,
    "element_size_bytes": 4,
    "raw_bytes": null,
    "mib": null,
    "mb": null,
    "hypothetical_int8_bytes": null,
    "size_status": "UNKNOWN_SHAPE",
    "shape_status": "UNKNOWN_SHAPE",
    "dtype_status": "KNOWN",
    "unknown_reason": "dim[0] symbolic: unk__21; dim[2] symbolic: unk__36; dim[3] symbolic: unk__37",
    "producer_node_id": "main/node_000063",
    "consumer_node_ids": [
      "main/node_000064"
    ],
    "consumer_count": 1,
    "shared_by_multiple_consumers": false,
    "is_graph_output": false,
    "is_graph_input": false,
    "is_initializer": false,
    "original_kind": "intermediate",
    "classification_note": null
  },
  {
    "name": "/model/model.4/cv2/conv/Conv_output_0",
    "resource_category": "intermediate_activation",
    "shape": [
      "unk__21",
      256,
      "unk__36",
      "unk__37"
    ],
    "dtype": "float32",
    "storage_kind": "dense",
    "element_count": null,
    "element_size_bytes": 4,
    "raw_bytes": null,
    "mib": null,
    "mb": null,
    "hypothetical_int8_bytes": null,
    "size_status": "UNKNOWN_SHAPE",
    "shape_status": "UNKNOWN_SHAPE",
    "dtype_status": "KNOWN",
    "unknown_reason": "dim[0] symbolic: unk__21; dim[2] symbolic: unk__36; dim[3] symbolic: unk__37",
    "producer_node_id": "main/node_000062",
    "consumer_node_ids": [
      "main/node_000063",
      "main/node_000064"
    ],
    "consumer_count": 2,
    "shared_by_multiple_consumers": true,
    "is_graph_output": false,
    "is_graph_input": false,
    "is_initializer": false,
    "original_kind": "intermediate",
    "classification_note": null
  },
  {
    "name": "/model/model.4/m.0/Add_output_0",
    "resource_category": "intermediate_activation",
    "shape": [
      "unk__25",
      64,
      "unk__33",
      "unk__34"
    ],
    "dtype": "float32",
    "storage_kind": "dense",
    "element_count": null,
    "element_size_bytes": 4,
    "raw_bytes": null,
    "mib": null,
    "mb": null,
    "hypothetical_int8_bytes": null,
    "size_status": "UNKNOWN_SHAPE",
    "shape_status": "UNKNOWN_SHAPE",
    "dtype_status": "KNOWN",
    "unknown_reason": "dim[0] symbolic: unk__25; dim[2] symbolic: unk__33; dim[3] symbolic: unk__34",
    "producer_node_id": "main/node_000060",
    "consumer_node_ids": [
      "main/node_000061"
    ],
    "consumer_count": 1,
    "shared_by_multiple_consumers": false,
    "is_graph_output": false,
    "is_graph_input": false,
    "is_initializer": false,
    "original_kind": "intermediate",
    "classification_note": null
  },
  {
    "name": "/model/model.4/m.0/cv1/act/Mul_output_0",
    "resource_category": "intermediate_activation",
    "shape": [
      "unk__25",
      32,
      "unk__29",
      "unk__30"
    ],
    "dtype": "float32",
    "storage_kind": "dense",
    "element_count": null,
    "element_size_bytes": 4,
    "raw_bytes": null,
    "mib": null,
    "mb": null,
    "hypothetical_int8_bytes": null,
    "size_status": "UNKNOWN_SHAPE",
    "shape_status": "UNKNOWN_SHAPE",
    "dtype_status": "KNOWN",
    "unknown_reason": "dim[0] symbolic: unk__25; dim[2] symbolic: unk__29; dim[3] symbolic: unk__30",
    "producer_node_id": "main/node_000056",
    "consumer_node_ids": [
      "main/node_000057"
    ],
    "consumer_count": 1,
    "shared_by_multiple_consumers": false,
    "is_graph_output": false,
    "is_graph_input": false,
    "is_initializer": false,
    "original_kind": "intermediate",
    "classification_note": null
  },
  {
    "name": "/model/model.4/m.0/cv1/act/Sigmoid_output_0",
    "resource_category": "intermediate_activation",
    "shape": [
      "unk__25",
      32,
      "unk__29",
      "unk__30"
    ],
    "dtype": "float32",
    "storage_kind": "dense",
    "element_count": null,
    "element_size_bytes": 4,
    "raw_bytes": null,
    "mib": null,
    "mb": null,
    "hypothetical_int8_bytes": null,
    "size_status": "UNKNOWN_SHAPE",
    "shape_status": "UNKNOWN_SHAPE",
    "dtype_status": "KNOWN",
    "unknown_reason": "dim[0] symbolic: unk__25; dim[2] symbolic: unk__29; dim[3] symbolic: unk__30",
    "producer_node_id": "main/node_000055",
    "consumer_node_ids": [
      "main/node_000056"
    ],
    "consumer_count": 1,
    "shared_by_multiple_consumers": false,
    "is_graph_output": false,
    "is_graph_input": false,
    "is_initializer": false,
    "original_kind": "intermediate",
    "classification_note": null
  },
  {
    "name": "/model/model.4/m.0/cv1/conv/Conv_output_0",
    "resource_category": "intermediate_activation",
    "shape": [
      "unk__25",
      32,
      "unk__29",
      "unk__30"
    ],
    "dtype": "float32",
    "storage_kind": "dense",
    "element_count": null,
    "element_size_bytes": 4,
    "raw_bytes": null,
    "mib": null,
    "mb": null,
    "hypothetical_int8_bytes": null,
    "size_status": "UNKNOWN_SHAPE",
    "shape_status": "UNKNOWN_SHAPE",
    "dtype_status": "KNOWN",
    "unknown_reason": "dim[0] symbolic: unk__25; dim[2] symbolic: unk__29; dim[3] symbolic: unk__30",
    "producer_node_id": "main/node_000054",
    "consumer_node_ids": [
      "main/node_000055",
      "main/node_000056"
    ],
    "consumer_count": 2,
    "shared_by_multiple_consumers": true,
    "is_graph_output": false,
    "is_graph_input": false,
    "is_initializer": false,
    "original_kind": "intermediate",
    "classification_note": null
  },
  {
    "name": "/model/model.4/m.0/cv2/act/Mul_output_0",
    "resource_category": "intermediate_activation",
    "shape": [
      "unk__25",
      64,
      "unk__31",
      "unk__32"
    ],
    "dtype": "float32",
    "storage_kind": "dense",
    "element_count": null,
    "element_size_bytes": 4,
    "raw_bytes": null,
    "mib": null,
    "mb": null,
    "hypothetical_int8_bytes": null,
    "size_status": "UNKNOWN_SHAPE",
    "shape_status": "UNKNOWN_SHAPE",
    "dtype_status": "KNOWN",
    "unknown_reason": "dim[0] symbolic: unk__25; dim[2] symbolic: unk__31; dim[3] symbolic: unk__32",
    "producer_node_id": "main/node_000059",
    "consumer_node_ids": [
      "main/node_000060"
    ],
    "consumer_count": 1,
    "shared_by_multiple_consumers": false,
    "is_graph_output": false,
    "is_graph_input": false,
    "is_initializer": false,
    "original_kind": "intermediate",
    "classification_note": null
  },
  {
    "name": "/model/model.4/m.0/cv2/act/Sigmoid_output_0",
    "resource_category": "intermediate_activation",
    "shape": [
      "unk__25",
      64,
      "unk__31",
      "unk__32"
    ],
    "dtype": "float32",
    "storage_kind": "dense",
    "element_count": null,
    "element_size_bytes": 4,
    "raw_bytes": null,
    "mib": null,
    "mb": null,
    "hypothetical_int8_bytes": null,
    "size_status": "UNKNOWN_SHAPE",
    "shape_status": "UNKNOWN_SHAPE",
    "dtype_status": "KNOWN",
    "unknown_reason": "dim[0] symbolic: unk__25; dim[2] symbolic: unk__31; dim[3] symbolic: unk__32",
    "producer_node_id": "main/node_000058",
    "consumer_node_ids": [
      "main/node_000059"
    ],
    "consumer_count": 1,
    "shared_by_multiple_consumers": false,
    "is_graph_output": false,
    "is_graph_input": false,
    "is_initializer": false,
    "original_kind": "intermediate",
    "classification_note": null
  },
  {
    "name": "/model/model.4/m.0/cv2/conv/Conv_output_0",
    "resource_category": "intermediate_activation",
    "shape": [
      "unk__25",
      64,
      "unk__31",
      "unk__32"
    ],
    "dtype": "float32",
    "storage_kind": "dense",
    "element_count": null,
    "element_size_bytes": 4,
    "raw_bytes": null,
    "mib": null,
    "mb": null,
    "hypothetical_int8_bytes": null,
    "size_status": "UNKNOWN_SHAPE",
    "shape_status": "UNKNOWN_SHAPE",
    "dtype_status": "KNOWN",
    "unknown_reason": "dim[0] symbolic: unk__25; dim[2] symbolic: unk__31; dim[3] symbolic: unk__32",
    "producer_node_id": "main/node_000057",
    "consumer_node_ids": [
      "main/node_000058",
      "main/node_000059"
    ],
    "consumer_count": 2,
    "shared_by_multiple_consumers": true,
    "is_graph_output": false,
    "is_graph_input": false,
    "is_initializer": false,
    "original_kind": "intermediate",
    "classification_note": null
  },
  {
    "name": "/model/model.5/act/Mul_output_0",
    "resource_category": "intermediate_activation",
    "shape": [
      "unk__21",
      256,
      "unk__38",
      "unk__39"
    ],
    "dtype": "float32",
    "storage_kind": "dense",
    "element_count": null,
    "element_size_bytes": 4,
    "raw_bytes": null,
    "mib": null,
    "mb": null,
    "hypothetical_int8_bytes": null,
    "size_status": "UNKNOWN_SHAPE",
    "shape_status": "UNKNOWN_SHAPE",
    "dtype_status": "KNOWN",
    "unknown_reason": "dim[0] symbolic: unk__21; dim[2] symbolic: unk__38; dim[3] symbolic: unk__39",
    "producer_node_id": "main/node_000067",
    "consumer_node_ids": [
      "main/node_000068"
    ],
    "consumer_count": 1,
    "shared_by_multiple_consumers": false,
    "is_graph_output": false,
    "is_graph_input": false,
    "is_initializer": false,
    "original_kind": "intermediate",
    "classification_note": null
  },
  {
    "name": "/model/model.5/act/Sigmoid_output_0",
    "resource_category": "intermediate_activation",
    "shape": [
      "unk__21",
      256,
      "unk__38",
      "unk__39"
    ],
    "dtype": "float32",
    "storage_kind": "dense",
    "element_count": null,
    "element_size_bytes": 4,
    "raw_bytes": null,
    "mib": null,
    "mb": null,
    "hypothetical_int8_bytes": null,
    "size_status": "UNKNOWN_SHAPE",
    "shape_status": "UNKNOWN_SHAPE",
    "dtype_status": "KNOWN",
    "unknown_reason": "dim[0] symbolic: unk__21; dim[2] symbolic: unk__38; dim[3] symbolic: unk__39",
    "producer_node_id": "main/node_000066",
    "consumer_node_ids": [
      "main/node_000067"
    ],
    "consumer_count": 1,
    "shared_by_multiple_consumers": false,
    "is_graph_output": false,
    "is_graph_input": false,
    "is_initializer": false,
    "original_kind": "intermediate",
    "classification_note": null
  },
  {
    "name": "/model/model.5/conv/Conv_output_0",
    "resource_category": "intermediate_activation",
    "shape": [
      "unk__21",
      256,
      "unk__38",
      "unk__39"
    ],
    "dtype": "float32",
    "storage_kind": "dense",
    "element_count": null,
    "element_size_bytes": 4,
    "raw_bytes": null,
    "mib": null,
    "mb": null,
    "hypothetical_int8_bytes": null,
    "size_status": "UNKNOWN_SHAPE",
    "shape_status": "UNKNOWN_SHAPE",
    "dtype_status": "KNOWN",
    "unknown_reason": "dim[0] symbolic: unk__21; dim[2] symbolic: unk__38; dim[3] symbolic: unk__39",
    "producer_node_id": "main/node_000065",
    "consumer_node_ids": [
      "main/node_000066",
      "main/node_000067"
    ],
    "consumer_count": 2,
    "shared_by_multiple_consumers": true,
    "is_graph_output": false,
    "is_graph_input": false,
    "is_initializer": false,
    "original_kind": "intermediate",
    "classification_note": null
  },
  {
    "name": "/model/model.6/Concat_output_0",
    "resource_category": "intermediate_activation",
    "shape": [
      "unk__42",
      "unk__68",
      "unk__44",
      "unk__45"
    ],
    "dtype": "float32",
    "storage_kind": "dense",
    "element_count": null,
    "element_size_bytes": 4,
    "raw_bytes": null,
    "mib": null,
    "mb": null,
    "hypothetical_int8_bytes": null,
    "size_status": "UNKNOWN_SHAPE",
    "shape_status": "UNKNOWN_SHAPE",
    "dtype_status": "KNOWN",
    "unknown_reason": "dim[0] symbolic: unk__42; dim[1] symbolic: unk__68; dim[2] symbolic: unk__44; dim[3] symbolic: unk__45",
    "producer_node_id": "main/node_000109",
    "consumer_node_ids": [
      "main/node_000110"
    ],
    "consumer_count": 1,
    "shared_by_multiple_consumers": false,
    "is_graph_output": false,
    "is_graph_input": false,
    "is_initializer": false,
    "original_kind": "intermediate",
    "classification_note": null
  },
  {
    "name": "/model/model.6/Slice_1_output_0",
    "resource_category": "intermediate_activation",
    "shape": [
      "unk__46",
      "unk__47",
      "unk__48",
      "unk__49"
    ],
    "dtype": "float32",
    "storage_kind": "dense",
    "element_count": null,
    "element_size_bytes": 4,
    "raw_bytes": null,
    "mib": null,
    "mb": null,
    "hypothetical_int8_bytes": null,
    "size_status": "UNKNOWN_SHAPE",
    "shape_status": "UNKNOWN_SHAPE",
    "dtype_status": "KNOWN",
    "unknown_reason": "dim[0] symbolic: unk__46; dim[1] symbolic: unk__47; dim[2] symbolic: unk__48; dim[3] symbolic: unk__49",
    "producer_node_id": "main/node_000084",
    "consumer_node_ids": [
      "main/node_000085",
      "main/node_000102",
      "main/node_000109"
    ],
    "consumer_count": 3,
    "shared_by_multiple_consumers": true,
    "is_graph_output": false,
    "is_graph_input": false,
    "is_initializer": false,
    "original_kind": "intermediate",
    "classification_note": null
  },
  {
    "name": "/model/model.6/Slice_output_0",
    "resource_category": "intermediate_activation",
    "shape": [
      "unk__42",
      "unk__43",
      "unk__44",
      "unk__45"
    ],
    "dtype": "float32",
    "storage_kind": "dense",
    "element_count": null,
    "element_size_bytes": 4,
    "raw_bytes": null,
    "mib": null,
    "mb": null,
    "hypothetical_int8_bytes": null,
    "size_status": "UNKNOWN_SHAPE",
    "shape_status": "UNKNOWN_SHAPE",
    "dtype_status": "KNOWN",
    "unknown_reason": "dim[0] symbolic: unk__42; dim[1] symbolic: unk__43; dim[2] symbolic: unk__44; dim[3] symbolic: unk__45",
    "producer_node_id": "main/node_000081",
    "consumer_node_ids": [
      "main/node_000109"
    ],
    "consumer_count": 1,
    "shared_by_multiple_consumers": false,
    "is_graph_output": false,
    "is_graph_input": false,
    "is_initializer": false,
    "original_kind": "intermediate",
    "classification_note": null
  },
  {
    "name": "/model/model.6/cv1/act/Mul_output_0",
    "resource_category": "intermediate_activation",
    "shape": [
      "unk__21",
      256,
      "unk__40",
      "unk__41"
    ],
    "dtype": "float32",
    "storage_kind": "dense",
    "element_count": null,
    "element_size_bytes": 4,
    "raw_bytes": null,
    "mib": null,
    "mb": null,
    "hypothetical_int8_bytes": null,
    "size_status": "UNKNOWN_SHAPE",
    "shape_status": "UNKNOWN_SHAPE",
    "dtype_status": "KNOWN",
    "unknown_reason": "dim[0] symbolic: unk__21; dim[2] symbolic: unk__40; dim[3] symbolic: unk__41",
    "producer_node_id": "main/node_000070",
    "consumer_node_ids": [
      "main/node_000071",
      "main/node_000081",
      "main/node_000084"
    ],
    "consumer_count": 3,
    "shared_by_multiple_consumers": true,
    "is_graph_output": false,
    "is_graph_input": false,
    "is_initializer": false,
    "original_kind": "intermediate",
    "classification_note": null
  },
  {
    "name": "/model/model.6/cv1/act/Sigmoid_output_0",
    "resource_category": "intermediate_activation",
    "shape": [
      "unk__21",
      256,
      "unk__40",
      "unk__41"
    ],
    "dtype": "float32",
    "storage_kind": "dense",
    "element_count": null,
    "element_size_bytes": 4,
    "raw_bytes": null,
    "mib": null,
    "mb": null,
    "hypothetical_int8_bytes": null,
    "size_status": "UNKNOWN_SHAPE",
    "shape_status": "UNKNOWN_SHAPE",
    "dtype_status": "KNOWN",
    "unknown_reason": "dim[0] symbolic: unk__21; dim[2] symbolic: unk__40; dim[3] symbolic: unk__41",
    "producer_node_id": "main/node_000069",
    "consumer_node_ids": [
      "main/node_000070"
    ],
    "consumer_count": 1,
    "shared_by_multiple_consumers": false,
    "is_graph_output": false,
    "is_graph_input": false,
    "is_initializer": false,
    "original_kind": "intermediate",
    "classification_note": null
  },
  {
    "name": "/model/model.6/cv1/conv/Conv_output_0",
    "resource_category": "intermediate_activation",
    "shape": [
      "unk__21",
      256,
      "unk__40",
      "unk__41"
    ],
    "dtype": "float32",
    "storage_kind": "dense",
    "element_count": null,
    "element_size_bytes": 4,
    "raw_bytes": null,
    "mib": null,
    "mb": null,
    "hypothetical_int8_bytes": null,
    "size_status": "UNKNOWN_SHAPE",
    "shape_status": "UNKNOWN_SHAPE",
    "dtype_status": "KNOWN",
    "unknown_reason": "dim[0] symbolic: unk__21; dim[2] symbolic: unk__40; dim[3] symbolic: unk__41",
    "producer_node_id": "main/node_000068",
    "consumer_node_ids": [
      "main/node_000069",
      "main/node_000070"
    ],
    "consumer_count": 2,
    "shared_by_multiple_consumers": true,
    "is_graph_output": false,
    "is_graph_input": false,
    "is_initializer": false,
    "original_kind": "intermediate",
    "classification_note": null
  },
  {
    "name": "/model/model.6/cv2/act/Mul_output_0",
    "resource_category": "intermediate_activation",
    "shape": [
      "unk__42",
      256,
      "unk__69",
      "unk__70"
    ],
    "dtype": "float32",
    "storage_kind": "dense",
    "element_count": null,
    "element_size_bytes": 4,
    "raw_bytes": null,
    "mib": null,
    "mb": null,
    "hypothetical_int8_bytes": null,
    "size_status": "UNKNOWN_SHAPE",
    "shape_status": "UNKNOWN_SHAPE",
    "dtype_status": "KNOWN",
    "unknown_reason": "dim[0] symbolic: unk__42; dim[2] symbolic: unk__69; dim[3] symbolic: unk__70",
    "producer_node_id": "main/node_000112",
    "consumer_node_ids": [
      "main/node_000113",
      "main/node_000208"
    ],
    "consumer_count": 2,
    "shared_by_multiple_consumers": true,
    "is_graph_output": false,
    "is_graph_input": false,
    "is_initializer": false,
    "original_kind": "intermediate",
    "classification_note": null
  },
  {
    "name": "/model/model.6/cv2/act/Sigmoid_output_0",
    "resource_category": "intermediate_activation",
    "shape": [
      "unk__42",
      256,
      "unk__69",
      "unk__70"
    ],
    "dtype": "float32",
    "storage_kind": "dense",
    "element_count": null,
    "element_size_bytes": 4,
    "raw_bytes": null,
    "mib": null,
    "mb": null,
    "hypothetical_int8_bytes": null,
    "size_status": "UNKNOWN_SHAPE",
    "shape_status": "UNKNOWN_SHAPE",
    "dtype_status": "KNOWN",
    "unknown_reason": "dim[0] symbolic: unk__42; dim[2] symbolic: unk__69; dim[3] symbolic: unk__70",
    "producer_node_id": "main/node_000111",
    "consumer_node_ids": [
      "main/node_000112"
    ],
    "consumer_count": 1,
    "shared_by_multiple_consumers": false,
    "is_graph_output": false,
    "is_graph_input": false,
    "is_initializer": false,
    "original_kind": "intermediate",
    "classification_note": null
  },
  {
    "name": "/model/model.6/cv2/conv/Conv_output_0",
    "resource_category": "intermediate_activation",
    "shape": [
      "unk__42",
      256,
      "unk__69",
      "unk__70"
    ],
    "dtype": "float32",
    "storage_kind": "dense",
    "element_count": null,
    "element_size_bytes": 4,
    "raw_bytes": null,
    "mib": null,
    "mb": null,
    "hypothetical_int8_bytes": null,
    "size_status": "UNKNOWN_SHAPE",
    "shape_status": "UNKNOWN_SHAPE",
    "dtype_status": "KNOWN",
    "unknown_reason": "dim[0] symbolic: unk__42; dim[2] symbolic: unk__69; dim[3] symbolic: unk__70",
    "producer_node_id": "main/node_000110",
    "consumer_node_ids": [
      "main/node_000111",
      "main/node_000112"
    ],
    "consumer_count": 2,
    "shared_by_multiple_consumers": true,
    "is_graph_output": false,
    "is_graph_input": false,
    "is_initializer": false,
    "original_kind": "intermediate",
    "classification_note": null
  },
  {
    "name": "/model/model.6/m.0/Concat_output_0",
    "resource_category": "intermediate_activation",
    "shape": [
      "unk__46",
      128,
      "unk__62",
      "unk__63"
    ],
    "dtype": "float32",
    "storage_kind": "dense",
    "element_count": null,
    "element_size_bytes": 4,
    "raw_bytes": null,
    "mib": null,
    "mb": null,
    "hypothetical_int8_bytes": null,
    "size_status": "UNKNOWN_SHAPE",
    "shape_status": "UNKNOWN_SHAPE",
    "dtype_status": "KNOWN",
    "unknown_reason": "dim[0] symbolic: unk__46; dim[2] symbolic: unk__62; dim[3] symbolic: unk__63",
    "producer_node_id": "main/node_000105",
    "consumer_node_ids": [
      "main/node_000106"
    ],
    "consumer_count": 1,
    "shared_by_multiple_consumers": false,
    "is_graph_output": false,
    "is_graph_input": false,
    "is_initializer": false,
    "original_kind": "intermediate",
    "classification_note": null
  },
  {
    "name": "/model/model.6/m.0/cv1/act/Mul_output_0",
    "resource_category": "intermediate_activation",
    "shape": [
      "unk__46",
      64,
      "unk__50",
      "unk__51"
    ],
    "dtype": "float32",
    "storage_kind": "dense",
    "element_count": null,
    "element_size_bytes": 4,
    "raw_bytes": null,
    "mib": null,
    "mb": null,
    "hypothetical_int8_bytes": null,
    "size_status": "UNKNOWN_SHAPE",
    "shape_status": "UNKNOWN_SHAPE",
    "dtype_status": "KNOWN",
    "unknown_reason": "dim[0] symbolic: unk__46; dim[2] symbolic: unk__50; dim[3] symbolic: unk__51",
    "producer_node_id": "main/node_000087",
    "consumer_node_ids": [
      "main/node_000088",
      "main/node_000094"
    ],
    "consumer_count": 2,
    "shared_by_multiple_consumers": true,
    "is_graph_output": false,
    "is_graph_input": false,
    "is_initializer": false,
    "original_kind": "intermediate",
    "classification_note": null
  },
  {
    "name": "/model/model.6/m.0/cv1/act/Sigmoid_output_0",
    "resource_category": "intermediate_activation",
    "shape": [
      "unk__46",
      64,
      "unk__50",
      "unk__51"
    ],
    "dtype": "float32",
    "storage_kind": "dense",
    "element_count": null,
    "element_size_bytes": 4,
    "raw_bytes": null,
    "mib": null,
    "mb": null,
    "hypothetical_int8_bytes": null,
    "size_status": "UNKNOWN_SHAPE",
    "shape_status": "UNKNOWN_SHAPE",
    "dtype_status": "KNOWN",
    "unknown_reason": "dim[0] symbolic: unk__46; dim[2] symbolic: unk__50; dim[3] symbolic: unk__51",
    "producer_node_id": "main/node_000086",
    "consumer_node_ids": [
      "main/node_000087"
    ],
    "consumer_count": 1,
    "shared_by_multiple_consumers": false,
    "is_graph_output": false,
    "is_graph_input": false,
    "is_initializer": false,
    "original_kind": "intermediate",
    "classification_note": null
  },
  {
    "name": "/model/model.6/m.0/cv1/conv/Conv_output_0",
    "resource_category": "intermediate_activation",
    "shape": [
      "unk__46",
      64,
      "unk__50",
      "unk__51"
    ],
    "dtype": "float32",
    "storage_kind": "dense",
    "element_count": null,
    "element_size_bytes": 4,
    "raw_bytes": null,
    "mib": null,
    "mb": null,
    "hypothetical_int8_bytes": null,
    "size_status": "UNKNOWN_SHAPE",
    "shape_status": "UNKNOWN_SHAPE",
    "dtype_status": "KNOWN",
    "unknown_reason": "dim[0] symbolic: unk__46; dim[2] symbolic: unk__50; dim[3] symbolic: unk__51",
    "producer_node_id": "main/node_000085",
    "consumer_node_ids": [
      "main/node_000086",
      "main/node_000087"
    ],
    "consumer_count": 2,
    "shared_by_multiple_consumers": true,
    "is_graph_output": false,
    "is_graph_input": false,
    "is_initializer": false,
    "original_kind": "intermediate",
    "classification_note": null
  },
  {
    "name": "/model/model.6/m.0/cv2/act/Mul_output_0",
    "resource_category": "intermediate_activation",
    "shape": [
      "unk__46",
      64,
      "unk__64",
      "unk__65"
    ],
    "dtype": "float32",
    "storage_kind": "dense",
    "element_count": null,
    "element_size_bytes": 4,
    "raw_bytes": null,
    "mib": null,
    "mb": null,
    "hypothetical_int8_bytes": null,
    "size_status": "UNKNOWN_SHAPE",
    "shape_status": "UNKNOWN_SHAPE",
    "dtype_status": "KNOWN",
    "unknown_reason": "dim[0] symbolic: unk__46; dim[2] symbolic: unk__64; dim[3] symbolic: unk__65",
    "producer_node_id": "main/node_000104",
    "consumer_node_ids": [
      "main/node_000105"
    ],
    "consumer_count": 1,
    "shared_by_multiple_consumers": false,
    "is_graph_output": false,
    "is_graph_input": false,
    "is_initializer": false,
    "original_kind": "intermediate",
    "classification_note": null
  },
  {
    "name": "/model/model.6/m.0/cv2/act/Sigmoid_output_0",
    "resource_category": "intermediate_activation",
    "shape": [
      "unk__46",
      64,
      "unk__64",
      "unk__65"
    ],
    "dtype": "float32",
    "storage_kind": "dense",
    "element_count": null,
    "element_size_bytes": 4,
    "raw_bytes": null,
    "mib": null,
    "mb": null,
    "hypothetical_int8_bytes": null,
    "size_status": "UNKNOWN_SHAPE",
    "shape_status": "UNKNOWN_SHAPE",
    "dtype_status": "KNOWN",
    "unknown_reason": "dim[0] symbolic: unk__46; dim[2] symbolic: unk__64; dim[3] symbolic: unk__65",
    "producer_node_id": "main/node_000103",
    "consumer_node_ids": [
      "main/node_000104"
    ],
    "consumer_count": 1,
    "shared_by_multiple_consumers": false,
    "is_graph_output": false,
    "is_graph_input": false,
    "is_initializer": false,
    "original_kind": "intermediate",
    "classification_note": null
  },
  {
    "name": "/model/model.6/m.0/cv2/conv/Conv_output_0",
    "resource_category": "intermediate_activation",
    "shape": [
      "unk__46",
      64,
      "unk__64",
      "unk__65"
    ],
    "dtype": "float32",
    "storage_kind": "dense",
    "element_count": null,
    "element_size_bytes": 4,
    "raw_bytes": null,
    "mib": null,
    "mb": null,
    "hypothetical_int8_bytes": null,
    "size_status": "UNKNOWN_SHAPE",
    "shape_status": "UNKNOWN_SHAPE",
    "dtype_status": "KNOWN",
    "unknown_reason": "dim[0] symbolic: unk__46; dim[2] symbolic: unk__64; dim[3] symbolic: unk__65",
    "producer_node_id": "main/node_000102",
    "consumer_node_ids": [
      "main/node_000103",
      "main/node_000104"
    ],
    "consumer_count": 2,
    "shared_by_multiple_consumers": true,
    "is_graph_output": false,
    "is_graph_input": false,
    "is_initializer": false,
    "original_kind": "intermediate",
    "classification_note": null
  },
  {
    "name": "/model/model.6/m.0/cv3/act/Mul_output_0",
    "resource_category": "intermediate_activation",
    "shape": [
      "unk__46",
      128,
      "unk__66",
      "unk__67"
    ],
    "dtype": "float32",
    "storage_kind": "dense",
    "element_count": null,
    "element_size_bytes": 4,
    "raw_bytes": null,
    "mib": null,
    "mb": null,
    "hypothetical_int8_bytes": null,
    "size_status": "UNKNOWN_SHAPE",
    "shape_status": "UNKNOWN_SHAPE",
    "dtype_status": "KNOWN",
    "unknown_reason": "dim[0] symbolic: unk__46; dim[2] symbolic: unk__66; dim[3] symbolic: unk__67",
    "producer_node_id": "main/node_000108",
    "consumer_node_ids": [
      "main/node_000109"
    ],
    "consumer_count": 1,
    "shared_by_multiple_consumers": false,
    "is_graph_output": false,
    "is_graph_input": false,
    "is_initializer": false,
    "original_kind": "intermediate",
    "classification_note": null
  },
  {
    "name": "/model/model.6/m.0/cv3/act/Sigmoid_output_0",
    "resource_category": "intermediate_activation",
    "shape": [
      "unk__46",
      128,
      "unk__66",
      "unk__67"
    ],
    "dtype": "float32",
    "storage_kind": "dense",
    "element_count": null,
    "element_size_bytes": 4,
    "raw_bytes": null,
    "mib": null,
    "mb": null,
    "hypothetical_int8_bytes": null,
    "size_status": "UNKNOWN_SHAPE",
    "shape_status": "UNKNOWN_SHAPE",
    "dtype_status": "KNOWN",
    "unknown_reason": "dim[0] symbolic: unk__46; dim[2] symbolic: unk__66; dim[3] symbolic: unk__67",
    "producer_node_id": "main/node_000107",
    "consumer_node_ids": [
      "main/node_000108"
    ],
    "consumer_count": 1,
    "shared_by_multiple_consumers": false,
    "is_graph_output": false,
    "is_graph_input": false,
    "is_initializer": false,
    "original_kind": "intermediate",
    "classification_note": null
  },
  {
    "name": "/model/model.6/m.0/cv3/conv/Conv_output_0",
    "resource_category": "intermediate_activation",
    "shape": [
      "unk__46",
      128,
      "unk__66",
      "unk__67"
    ],
    "dtype": "float32",
    "storage_kind": "dense",
    "element_count": null,
    "element_size_bytes": 4,
    "raw_bytes": null,
    "mib": null,
    "mb": null,
    "hypothetical_int8_bytes": null,
    "size_status": "UNKNOWN_SHAPE",
    "shape_status": "UNKNOWN_SHAPE",
    "dtype_status": "KNOWN",
    "unknown_reason": "dim[0] symbolic: unk__46; dim[2] symbolic: unk__66; dim[3] symbolic: unk__67",
    "producer_node_id": "main/node_000106",
    "consumer_node_ids": [
      "main/node_000107",
      "main/node_000108"
    ],
    "consumer_count": 2,
    "shared_by_multiple_consumers": true,
    "is_graph_output": false,
    "is_graph_input": false,
    "is_initializer": false,
    "original_kind": "intermediate",
    "classification_note": null
  },
  {
    "name": "/model/model.6/m.0/m/m.0/Add_output_0",
    "resource_category": "intermediate_activation",
    "shape": [
      "unk__46",
      64,
      "unk__56",
      "unk__57"
    ],
    "dtype": "float32",
    "storage_kind": "dense",
    "element_count": null,
    "element_size_bytes": 4,
    "raw_bytes": null,
    "mib": null,
    "mb": null,
    "hypothetical_int8_bytes": null,
    "size_status": "UNKNOWN_SHAPE",
    "shape_status": "UNKNOWN_SHAPE",
    "dtype_status": "KNOWN",
    "unknown_reason": "dim[0] symbolic: unk__46; dim[2] symbolic: unk__56; dim[3] symbolic: unk__57",
    "producer_node_id": "main/node_000094",
    "consumer_node_ids": [
      "main/node_000095",
      "main/node_000101"
    ],
    "consumer_count": 2,
    "shared_by_multiple_consumers": true,
    "is_graph_output": false,
    "is_graph_input": false,
    "is_initializer": false,
    "original_kind": "intermediate",
    "classification_note": null
  },
  {
    "name": "/model/model.6/m.0/m/m.0/cv1/act/Mul_output_0",
    "resource_category": "intermediate_activation",
    "shape": [
      "unk__46",
      64,
      "unk__52",
      "unk__53"
    ],
    "dtype": "float32",
    "storage_kind": "dense",
    "element_count": null,
    "element_size_bytes": 4,
    "raw_bytes": null,
    "mib": null,
    "mb": null,
    "hypothetical_int8_bytes": null,
    "size_status": "UNKNOWN_SHAPE",
    "shape_status": "UNKNOWN_SHAPE",
    "dtype_status": "KNOWN",
    "unknown_reason": "dim[0] symbolic: unk__46; dim[2] symbolic: unk__52; dim[3] symbolic: unk__53",
    "producer_node_id": "main/node_000090",
    "consumer_node_ids": [
      "main/node_000091"
    ],
    "consumer_count": 1,
    "shared_by_multiple_consumers": false,
    "is_graph_output": false,
    "is_graph_input": false,
    "is_initializer": false,
    "original_kind": "intermediate",
    "classification_note": null
  },
  {
    "name": "/model/model.6/m.0/m/m.0/cv1/act/Sigmoid_output_0",
    "resource_category": "intermediate_activation",
    "shape": [
      "unk__46",
      64,
      "unk__52",
      "unk__53"
    ],
    "dtype": "float32",
    "storage_kind": "dense",
    "element_count": null,
    "element_size_bytes": 4,
    "raw_bytes": null,
    "mib": null,
    "mb": null,
    "hypothetical_int8_bytes": null,
    "size_status": "UNKNOWN_SHAPE",
    "shape_status": "UNKNOWN_SHAPE",
    "dtype_status": "KNOWN",
    "unknown_reason": "dim[0] symbolic: unk__46; dim[2] symbolic: unk__52; dim[3] symbolic: unk__53",
    "producer_node_id": "main/node_000089",
    "consumer_node_ids": [
      "main/node_000090"
    ],
    "consumer_count": 1,
    "shared_by_multiple_consumers": false,
    "is_graph_output": false,
    "is_graph_input": false,
    "is_initializer": false,
    "original_kind": "intermediate",
    "classification_note": null
  },
  {
    "name": "/model/model.6/m.0/m/m.0/cv1/conv/Conv_output_0",
    "resource_category": "intermediate_activation",
    "shape": [
      "unk__46",
      64,
      "unk__52",
      "unk__53"
    ],
    "dtype": "float32",
    "storage_kind": "dense",
    "element_count": null,
    "element_size_bytes": 4,
    "raw_bytes": null,
    "mib": null,
    "mb": null,
    "hypothetical_int8_bytes": null,
    "size_status": "UNKNOWN_SHAPE",
    "shape_status": "UNKNOWN_SHAPE",
    "dtype_status": "KNOWN",
    "unknown_reason": "dim[0] symbolic: unk__46; dim[2] symbolic: unk__52; dim[3] symbolic: unk__53",
    "producer_node_id": "main/node_000088",
    "consumer_node_ids": [
      "main/node_000089",
      "main/node_000090"
    ],
    "consumer_count": 2,
    "shared_by_multiple_consumers": true,
    "is_graph_output": false,
    "is_graph_input": false,
    "is_initializer": false,
    "original_kind": "intermediate",
    "classification_note": null
  },
  {
    "name": "/model/model.6/m.0/m/m.0/cv2/act/Mul_output_0",
    "resource_category": "intermediate_activation",
    "shape": [
      "unk__46",
      64,
      "unk__54",
      "unk__55"
    ],
    "dtype": "float32",
    "storage_kind": "dense",
    "element_count": null,
    "element_size_bytes": 4,
    "raw_bytes": null,
    "mib": null,
    "mb": null,
    "hypothetical_int8_bytes": null,
    "size_status": "UNKNOWN_SHAPE",
    "shape_status": "UNKNOWN_SHAPE",
    "dtype_status": "KNOWN",
    "unknown_reason": "dim[0] symbolic: unk__46; dim[2] symbolic: unk__54; dim[3] symbolic: unk__55",
    "producer_node_id": "main/node_000093",
    "consumer_node_ids": [
      "main/node_000094"
    ],
    "consumer_count": 1,
    "shared_by_multiple_consumers": false,
    "is_graph_output": false,
    "is_graph_input": false,
    "is_initializer": false,
    "original_kind": "intermediate",
    "classification_note": null
  },
  {
    "name": "/model/model.6/m.0/m/m.0/cv2/act/Sigmoid_output_0",
    "resource_category": "intermediate_activation",
    "shape": [
      "unk__46",
      64,
      "unk__54",
      "unk__55"
    ],
    "dtype": "float32",
    "storage_kind": "dense",
    "element_count": null,
    "element_size_bytes": 4,
    "raw_bytes": null,
    "mib": null,
    "mb": null,
    "hypothetical_int8_bytes": null,
    "size_status": "UNKNOWN_SHAPE",
    "shape_status": "UNKNOWN_SHAPE",
    "dtype_status": "KNOWN",
    "unknown_reason": "dim[0] symbolic: unk__46; dim[2] symbolic: unk__54; dim[3] symbolic: unk__55",
    "producer_node_id": "main/node_000092",
    "consumer_node_ids": [
      "main/node_000093"
    ],
    "consumer_count": 1,
    "shared_by_multiple_consumers": false,
    "is_graph_output": false,
    "is_graph_input": false,
    "is_initializer": false,
    "original_kind": "intermediate",
    "classification_note": null
  },
  {
    "name": "/model/model.6/m.0/m/m.0/cv2/conv/Conv_output_0",
    "resource_category": "intermediate_activation",
    "shape": [
      "unk__46",
      64,
      "unk__54",
      "unk__55"
    ],
    "dtype": "float32",
    "storage_kind": "dense",
    "element_count": null,
    "element_size_bytes": 4,
    "raw_bytes": null,
    "mib": null,
    "mb": null,
    "hypothetical_int8_bytes": null,
    "size_status": "UNKNOWN_SHAPE",
    "shape_status": "UNKNOWN_SHAPE",
    "dtype_status": "KNOWN",
    "unknown_reason": "dim[0] symbolic: unk__46; dim[2] symbolic: unk__54; dim[3] symbolic: unk__55",
    "producer_node_id": "main/node_000091",
    "consumer_node_ids": [
      "main/node_000092",
      "main/node_000093"
    ],
    "consumer_count": 2,
    "shared_by_multiple_consumers": true,
    "is_graph_output": false,
    "is_graph_input": false,
    "is_initializer": false,
    "original_kind": "intermediate",
    "classification_note": null
  },
  {
    "name": "/model/model.6/m.0/m/m.1/Add_output_0",
    "resource_category": "intermediate_activation",
    "shape": [
      "unk__46",
      64,
      "unk__62",
      "unk__63"
    ],
    "dtype": "float32",
    "storage_kind": "dense",
    "element_count": null,
    "element_size_bytes": 4,
    "raw_bytes": null,
    "mib": null,
    "mb": null,
    "hypothetical_int8_bytes": null,
    "size_status": "UNKNOWN_SHAPE",
    "shape_status": "UNKNOWN_SHAPE",
    "dtype_status": "KNOWN",
    "unknown_reason": "dim[0] symbolic: unk__46; dim[2] symbolic: unk__62; dim[3] symbolic: unk__63",
    "producer_node_id": "main/node_000101",
    "consumer_node_ids": [
      "main/node_000105"
    ],
    "consumer_count": 1,
    "shared_by_multiple_consumers": false,
    "is_graph_output": false,
    "is_graph_input": false,
    "is_initializer": false,
    "original_kind": "intermediate",
    "classification_note": null
  },
  {
    "name": "/model/model.6/m.0/m/m.1/cv1/act/Mul_output_0",
    "resource_category": "intermediate_activation",
    "shape": [
      "unk__46",
      64,
      "unk__58",
      "unk__59"
    ],
    "dtype": "float32",
    "storage_kind": "dense",
    "element_count": null,
    "element_size_bytes": 4,
    "raw_bytes": null,
    "mib": null,
    "mb": null,
    "hypothetical_int8_bytes": null,
    "size_status": "UNKNOWN_SHAPE",
    "shape_status": "UNKNOWN_SHAPE",
    "dtype_status": "KNOWN",
    "unknown_reason": "dim[0] symbolic: unk__46; dim[2] symbolic: unk__58; dim[3] symbolic: unk__59",
    "producer_node_id": "main/node_000097",
    "consumer_node_ids": [
      "main/node_000098"
    ],
    "consumer_count": 1,
    "shared_by_multiple_consumers": false,
    "is_graph_output": false,
    "is_graph_input": false,
    "is_initializer": false,
    "original_kind": "intermediate",
    "classification_note": null
  },
  {
    "name": "/model/model.6/m.0/m/m.1/cv1/act/Sigmoid_output_0",
    "resource_category": "intermediate_activation",
    "shape": [
      "unk__46",
      64,
      "unk__58",
      "unk__59"
    ],
    "dtype": "float32",
    "storage_kind": "dense",
    "element_count": null,
    "element_size_bytes": 4,
    "raw_bytes": null,
    "mib": null,
    "mb": null,
    "hypothetical_int8_bytes": null,
    "size_status": "UNKNOWN_SHAPE",
    "shape_status": "UNKNOWN_SHAPE",
    "dtype_status": "KNOWN",
    "unknown_reason": "dim[0] symbolic: unk__46; dim[2] symbolic: unk__58; dim[3] symbolic: unk__59",
    "producer_node_id": "main/node_000096",
    "consumer_node_ids": [
      "main/node_000097"
    ],
    "consumer_count": 1,
    "shared_by_multiple_consumers": false,
    "is_graph_output": false,
    "is_graph_input": false,
    "is_initializer": false,
    "original_kind": "intermediate",
    "classification_note": null
  },
  {
    "name": "/model/model.6/m.0/m/m.1/cv1/conv/Conv_output_0",
    "resource_category": "intermediate_activation",
    "shape": [
      "unk__46",
      64,
      "unk__58",
      "unk__59"
    ],
    "dtype": "float32",
    "storage_kind": "dense",
    "element_count": null,
    "element_size_bytes": 4,
    "raw_bytes": null,
    "mib": null,
    "mb": null,
    "hypothetical_int8_bytes": null,
    "size_status": "UNKNOWN_SHAPE",
    "shape_status": "UNKNOWN_SHAPE",
    "dtype_status": "KNOWN",
    "unknown_reason": "dim[0] symbolic: unk__46; dim[2] symbolic: unk__58; dim[3] symbolic: unk__59",
    "producer_node_id": "main/node_000095",
    "consumer_node_ids": [
      "main/node_000096",
      "main/node_000097"
    ],
    "consumer_count": 2,
    "shared_by_multiple_consumers": true,
    "is_graph_output": false,
    "is_graph_input": false,
    "is_initializer": false,
    "original_kind": "intermediate",
    "classification_note": null
  },
  {
    "name": "/model/model.6/m.0/m/m.1/cv2/act/Mul_output_0",
    "resource_category": "intermediate_activation",
    "shape": [
      "unk__46",
      64,
      "unk__60",
      "unk__61"
    ],
    "dtype": "float32",
    "storage_kind": "dense",
    "element_count": null,
    "element_size_bytes": 4,
    "raw_bytes": null,
    "mib": null,
    "mb": null,
    "hypothetical_int8_bytes": null,
    "size_status": "UNKNOWN_SHAPE",
    "shape_status": "UNKNOWN_SHAPE",
    "dtype_status": "KNOWN",
    "unknown_reason": "dim[0] symbolic: unk__46; dim[2] symbolic: unk__60; dim[3] symbolic: unk__61",
    "producer_node_id": "main/node_000100",
    "consumer_node_ids": [
      "main/node_000101"
    ],
    "consumer_count": 1,
    "shared_by_multiple_consumers": false,
    "is_graph_output": false,
    "is_graph_input": false,
    "is_initializer": false,
    "original_kind": "intermediate",
    "classification_note": null
  },
  {
    "name": "/model/model.6/m.0/m/m.1/cv2/act/Sigmoid_output_0",
    "resource_category": "intermediate_activation",
    "shape": [
      "unk__46",
      64,
      "unk__60",
      "unk__61"
    ],
    "dtype": "float32",
    "storage_kind": "dense",
    "element_count": null,
    "element_size_bytes": 4,
    "raw_bytes": null,
    "mib": null,
    "mb": null,
    "hypothetical_int8_bytes": null,
    "size_status": "UNKNOWN_SHAPE",
    "shape_status": "UNKNOWN_SHAPE",
    "dtype_status": "KNOWN",
    "unknown_reason": "dim[0] symbolic: unk__46; dim[2] symbolic: unk__60; dim[3] symbolic: unk__61",
    "producer_node_id": "main/node_000099",
    "consumer_node_ids": [
      "main/node_000100"
    ],
    "consumer_count": 1,
    "shared_by_multiple_consumers": false,
    "is_graph_output": false,
    "is_graph_input": false,
    "is_initializer": false,
    "original_kind": "intermediate",
    "classification_note": null
  },
  {
    "name": "/model/model.6/m.0/m/m.1/cv2/conv/Conv_output_0",
    "resource_category": "intermediate_activation",
    "shape": [
      "unk__46",
      64,
      "unk__60",
      "unk__61"
    ],
    "dtype": "float32",
    "storage_kind": "dense",
    "element_count": null,
    "element_size_bytes": 4,
    "raw_bytes": null,
    "mib": null,
    "mb": null,
    "hypothetical_int8_bytes": null,
    "size_status": "UNKNOWN_SHAPE",
    "shape_status": "UNKNOWN_SHAPE",
    "dtype_status": "KNOWN",
    "unknown_reason": "dim[0] symbolic: unk__46; dim[2] symbolic: unk__60; dim[3] symbolic: unk__61",
    "producer_node_id": "main/node_000098",
    "consumer_node_ids": [
      "main/node_000099",
      "main/node_000100"
    ],
    "consumer_count": 2,
    "shared_by_multiple_consumers": true,
    "is_graph_output": false,
    "is_graph_input": false,
    "is_initializer": false,
    "original_kind": "intermediate",
    "classification_note": null
  },
  {
    "name": "/model/model.7/act/Mul_output_0",
    "resource_category": "intermediate_activation",
    "shape": [
      "unk__42",
      512,
      "unk__71",
      "unk__72"
    ],
    "dtype": "float32",
    "storage_kind": "dense",
    "element_count": null,
    "element_size_bytes": 4,
    "raw_bytes": null,
    "mib": null,
    "mb": null,
    "hypothetical_int8_bytes": null,
    "size_status": "UNKNOWN_SHAPE",
    "shape_status": "UNKNOWN_SHAPE",
    "dtype_status": "KNOWN",
    "unknown_reason": "dim[0] symbolic: unk__42; dim[2] symbolic: unk__71; dim[3] symbolic: unk__72",
    "producer_node_id": "main/node_000115",
    "consumer_node_ids": [
      "main/node_000116"
    ],
    "consumer_count": 1,
    "shared_by_multiple_consumers": false,
    "is_graph_output": false,
    "is_graph_input": false,
    "is_initializer": false,
    "original_kind": "intermediate",
    "classification_note": null
  },
  {
    "name": "/model/model.7/act/Sigmoid_output_0",
    "resource_category": "intermediate_activation",
    "shape": [
      "unk__42",
      512,
      "unk__71",
      "unk__72"
    ],
    "dtype": "float32",
    "storage_kind": "dense",
    "element_count": null,
    "element_size_bytes": 4,
    "raw_bytes": null,
    "mib": null,
    "mb": null,
    "hypothetical_int8_bytes": null,
    "size_status": "UNKNOWN_SHAPE",
    "shape_status": "UNKNOWN_SHAPE",
    "dtype_status": "KNOWN",
    "unknown_reason": "dim[0] symbolic: unk__42; dim[2] symbolic: unk__71; dim[3] symbolic: unk__72",
    "producer_node_id": "main/node_000114",
    "consumer_node_ids": [
      "main/node_000115"
    ],
    "consumer_count": 1,
    "shared_by_multiple_consumers": false,
    "is_graph_output": false,
    "is_graph_input": false,
    "is_initializer": false,
    "original_kind": "intermediate",
    "classification_note": null
  },
  {
    "name": "/model/model.7/conv/Conv_output_0",
    "resource_category": "intermediate_activation",
    "shape": [
      "unk__42",
      512,
      "unk__71",
      "unk__72"
    ],
    "dtype": "float32",
    "storage_kind": "dense",
    "element_count": null,
    "element_size_bytes": 4,
    "raw_bytes": null,
    "mib": null,
    "mb": null,
    "hypothetical_int8_bytes": null,
    "size_status": "UNKNOWN_SHAPE",
    "shape_status": "UNKNOWN_SHAPE",
    "dtype_status": "KNOWN",
    "unknown_reason": "dim[0] symbolic: unk__42; dim[2] symbolic: unk__71; dim[3] symbolic: unk__72",
    "producer_node_id": "main/node_000113",
    "consumer_node_ids": [
      "main/node_000114",
      "main/node_000115"
    ],
    "consumer_count": 2,
    "shared_by_multiple_consumers": true,
    "is_graph_output": false,
    "is_graph_input": false,
    "is_initializer": false,
    "original_kind": "intermediate",
    "classification_note": null
  },
  {
    "name": "/model/model.8/Concat_output_0",
    "resource_category": "intermediate_activation",
    "shape": [
      "unk__75",
      "unk__101",
      "unk__77",
      "unk__78"
    ],
    "dtype": "float32",
    "storage_kind": "dense",
    "element_count": null,
    "element_size_bytes": 4,
    "raw_bytes": null,
    "mib": null,
    "mb": null,
    "hypothetical_int8_bytes": null,
    "size_status": "UNKNOWN_SHAPE",
    "shape_status": "UNKNOWN_SHAPE",
    "dtype_status": "KNOWN",
    "unknown_reason": "dim[0] symbolic: unk__75; dim[1] symbolic: unk__101; dim[2] symbolic: unk__77; dim[3] symbolic: unk__78",
    "producer_node_id": "main/node_000157",
    "consumer_node_ids": [
      "main/node_000158"
    ],
    "consumer_count": 1,
    "shared_by_multiple_consumers": false,
    "is_graph_output": false,
    "is_graph_input": false,
    "is_initializer": false,
    "original_kind": "intermediate",
    "classification_note": null
  },
  {
    "name": "/model/model.8/Slice_1_output_0",
    "resource_category": "intermediate_activation",
    "shape": [
      "unk__79",
      "unk__80",
      "unk__81",
      "unk__82"
    ],
    "dtype": "float32",
    "storage_kind": "dense",
    "element_count": null,
    "element_size_bytes": 4,
    "raw_bytes": null,
    "mib": null,
    "mb": null,
    "hypothetical_int8_bytes": null,
    "size_status": "UNKNOWN_SHAPE",
    "shape_status": "UNKNOWN_SHAPE",
    "dtype_status": "KNOWN",
    "unknown_reason": "dim[0] symbolic: unk__79; dim[1] symbolic: unk__80; dim[2] symbolic: unk__81; dim[3] symbolic: unk__82",
    "producer_node_id": "main/node_000132",
    "consumer_node_ids": [
      "main/node_000133",
      "main/node_000150",
      "main/node_000157"
    ],
    "consumer_count": 3,
    "shared_by_multiple_consumers": true,
    "is_graph_output": false,
    "is_graph_input": false,
    "is_initializer": false,
    "original_kind": "intermediate",
    "classification_note": null
  },
  {
    "name": "/model/model.8/Slice_output_0",
    "resource_category": "intermediate_activation",
    "shape": [
      "unk__75",
      "unk__76",
      "unk__77",
      "unk__78"
    ],
    "dtype": "float32",
    "storage_kind": "dense",
    "element_count": null,
    "element_size_bytes": 4,
    "raw_bytes": null,
    "mib": null,
    "mb": null,
    "hypothetical_int8_bytes": null,
    "size_status": "UNKNOWN_SHAPE",
    "shape_status": "UNKNOWN_SHAPE",
    "dtype_status": "KNOWN",
    "unknown_reason": "dim[0] symbolic: unk__75; dim[1] symbolic: unk__76; dim[2] symbolic: unk__77; dim[3] symbolic: unk__78",
    "producer_node_id": "main/node_000129",
    "consumer_node_ids": [
      "main/node_000157"
    ],
    "consumer_count": 1,
    "shared_by_multiple_consumers": false,
    "is_graph_output": false,
    "is_graph_input": false,
    "is_initializer": false,
    "original_kind": "intermediate",
    "classification_note": null
  },
  {
    "name": "/model/model.8/cv1/act/Mul_output_0",
    "resource_category": "intermediate_activation",
    "shape": [
      "unk__42",
      512,
      "unk__73",
      "unk__74"
    ],
    "dtype": "float32",
    "storage_kind": "dense",
    "element_count": null,
    "element_size_bytes": 4,
    "raw_bytes": null,
    "mib": null,
    "mb": null,
    "hypothetical_int8_bytes": null,
    "size_status": "UNKNOWN_SHAPE",
    "shape_status": "UNKNOWN_SHAPE",
    "dtype_status": "KNOWN",
    "unknown_reason": "dim[0] symbolic: unk__42; dim[2] symbolic: unk__73; dim[3] symbolic: unk__74",
    "producer_node_id": "main/node_000118",
    "consumer_node_ids": [
      "main/node_000119",
      "main/node_000129",
      "main/node_000132"
    ],
    "consumer_count": 3,
    "shared_by_multiple_consumers": true,
    "is_graph_output": false,
    "is_graph_input": false,
    "is_initializer": false,
    "original_kind": "intermediate",
    "classification_note": null
  },
  {
    "name": "/model/model.8/cv1/act/Sigmoid_output_0",
    "resource_category": "intermediate_activation",
    "shape": [
      "unk__42",
      512,
      "unk__73",
      "unk__74"
    ],
    "dtype": "float32",
    "storage_kind": "dense",
    "element_count": null,
    "element_size_bytes": 4,
    "raw_bytes": null,
    "mib": null,
    "mb": null,
    "hypothetical_int8_bytes": null,
    "size_status": "UNKNOWN_SHAPE",
    "shape_status": "UNKNOWN_SHAPE",
    "dtype_status": "KNOWN",
    "unknown_reason": "dim[0] symbolic: unk__42; dim[2] symbolic: unk__73; dim[3] symbolic: unk__74",
    "producer_node_id": "main/node_000117",
    "consumer_node_ids": [
      "main/node_000118"
    ],
    "consumer_count": 1,
    "shared_by_multiple_consumers": false,
    "is_graph_output": false,
    "is_graph_input": false,
    "is_initializer": false,
    "original_kind": "intermediate",
    "classification_note": null
  },
  {
    "name": "/model/model.8/cv1/conv/Conv_output_0",
    "resource_category": "intermediate_activation",
    "shape": [
      "unk__42",
      512,
      "unk__73",
      "unk__74"
    ],
    "dtype": "float32",
    "storage_kind": "dense",
    "element_count": null,
    "element_size_bytes": 4,
    "raw_bytes": null,
    "mib": null,
    "mb": null,
    "hypothetical_int8_bytes": null,
    "size_status": "UNKNOWN_SHAPE",
    "shape_status": "UNKNOWN_SHAPE",
    "dtype_status": "KNOWN",
    "unknown_reason": "dim[0] symbolic: unk__42; dim[2] symbolic: unk__73; dim[3] symbolic: unk__74",
    "producer_node_id": "main/node_000116",
    "consumer_node_ids": [
      "main/node_000117",
      "main/node_000118"
    ],
    "consumer_count": 2,
    "shared_by_multiple_consumers": true,
    "is_graph_output": false,
    "is_graph_input": false,
    "is_initializer": false,
    "original_kind": "intermediate",
    "classification_note": null
  },
  {
    "name": "/model/model.8/cv2/act/Mul_output_0",
    "resource_category": "intermediate_activation",
    "shape": [
      "unk__75",
      512,
      "unk__102",
      "unk__103"
    ],
    "dtype": "float32",
    "storage_kind": "dense",
    "element_count": null,
    "element_size_bytes": 4,
    "raw_bytes": null,
    "mib": null,
    "mb": null,
    "hypothetical_int8_bytes": null,
    "size_status": "UNKNOWN_SHAPE",
    "shape_status": "UNKNOWN_SHAPE",
    "dtype_status": "KNOWN",
    "unknown_reason": "dim[0] symbolic: unk__75; dim[2] symbolic: unk__102; dim[3] symbolic: unk__103",
    "producer_node_id": "main/node_000160",
    "consumer_node_ids": [
      "main/node_000161",
      "main/node_000169"
    ],
    "consumer_count": 2,
    "shared_by_multiple_consumers": true,
    "is_graph_output": false,
    "is_graph_input": false,
    "is_initializer": false,
    "original_kind": "intermediate",
    "classification_note": null
  },
  {
    "name": "/model/model.8/cv2/act/Sigmoid_output_0",
    "resource_category": "intermediate_activation",
    "shape": [
      "unk__75",
      512,
      "unk__102",
      "unk__103"
    ],
    "dtype": "float32",
    "storage_kind": "dense",
    "element_count": null,
    "element_size_bytes": 4,
    "raw_bytes": null,
    "mib": null,
    "mb": null,
    "hypothetical_int8_bytes": null,
    "size_status": "UNKNOWN_SHAPE",
    "shape_status": "UNKNOWN_SHAPE",
    "dtype_status": "KNOWN",
    "unknown_reason": "dim[0] symbolic: unk__75; dim[2] symbolic: unk__102; dim[3] symbolic: unk__103",
    "producer_node_id": "main/node_000159",
    "consumer_node_ids": [
      "main/node_000160"
    ],
    "consumer_count": 1,
    "shared_by_multiple_consumers": false,
    "is_graph_output": false,
    "is_graph_input": false,
    "is_initializer": false,
    "original_kind": "intermediate",
    "classification_note": null
  },
  {
    "name": "/model/model.8/cv2/conv/Conv_output_0",
    "resource_category": "intermediate_activation",
    "shape": [
      "unk__75",
      512,
      "unk__102",
      "unk__103"
    ],
    "dtype": "float32",
    "storage_kind": "dense",
    "element_count": null,
    "element_size_bytes": 4,
    "raw_bytes": null,
    "mib": null,
    "mb": null,
    "hypothetical_int8_bytes": null,
    "size_status": "UNKNOWN_SHAPE",
    "shape_status": "UNKNOWN_SHAPE",
    "dtype_status": "KNOWN",
    "unknown_reason": "dim[0] symbolic: unk__75; dim[2] symbolic: unk__102; dim[3] symbolic: unk__103",
    "producer_node_id": "main/node_000158",
    "consumer_node_ids": [
      "main/node_000159",
      "main/node_000160"
    ],
    "consumer_count": 2,
    "shared_by_multiple_consumers": true,
    "is_graph_output": false,
    "is_graph_input": false,
    "is_initializer": false,
    "original_kind": "intermediate",
    "classification_note": null
  },
  {
    "name": "/model/model.8/m.0/Concat_output_0",
    "resource_category": "intermediate_activation",
    "shape": [
      "unk__79",
      256,
      "unk__95",
      "unk__96"
    ],
    "dtype": "float32",
    "storage_kind": "dense",
    "element_count": null,
    "element_size_bytes": 4,
    "raw_bytes": null,
    "mib": null,
    "mb": null,
    "hypothetical_int8_bytes": null,
    "size_status": "UNKNOWN_SHAPE",
    "shape_status": "UNKNOWN_SHAPE",
    "dtype_status": "KNOWN",
    "unknown_reason": "dim[0] symbolic: unk__79; dim[2] symbolic: unk__95; dim[3] symbolic: unk__96",
    "producer_node_id": "main/node_000153",
    "consumer_node_ids": [
      "main/node_000154"
    ],
    "consumer_count": 1,
    "shared_by_multiple_consumers": false,
    "is_graph_output": false,
    "is_graph_input": false,
    "is_initializer": false,
    "original_kind": "intermediate",
    "classification_note": null
  },
  {
    "name": "/model/model.8/m.0/cv1/act/Mul_output_0",
    "resource_category": "intermediate_activation",
    "shape": [
      "unk__79",
      128,
      "unk__83",
      "unk__84"
    ],
    "dtype": "float32",
    "storage_kind": "dense",
    "element_count": null,
    "element_size_bytes": 4,
    "raw_bytes": null,
    "mib": null,
    "mb": null,
    "hypothetical_int8_bytes": null,
    "size_status": "UNKNOWN_SHAPE",
    "shape_status": "UNKNOWN_SHAPE",
    "dtype_status": "KNOWN",
    "unknown_reason": "dim[0] symbolic: unk__79; dim[2] symbolic: unk__83; dim[3] symbolic: unk__84",
    "producer_node_id": "main/node_000135",
    "consumer_node_ids": [
      "main/node_000136",
      "main/node_000142"
    ],
    "consumer_count": 2,
    "shared_by_multiple_consumers": true,
    "is_graph_output": false,
    "is_graph_input": false,
    "is_initializer": false,
    "original_kind": "intermediate",
    "classification_note": null
  },
  {
    "name": "/model/model.8/m.0/cv1/act/Sigmoid_output_0",
    "resource_category": "intermediate_activation",
    "shape": [
      "unk__79",
      128,
      "unk__83",
      "unk__84"
    ],
    "dtype": "float32",
    "storage_kind": "dense",
    "element_count": null,
    "element_size_bytes": 4,
    "raw_bytes": null,
    "mib": null,
    "mb": null,
    "hypothetical_int8_bytes": null,
    "size_status": "UNKNOWN_SHAPE",
    "shape_status": "UNKNOWN_SHAPE",
    "dtype_status": "KNOWN",
    "unknown_reason": "dim[0] symbolic: unk__79; dim[2] symbolic: unk__83; dim[3] symbolic: unk__84",
    "producer_node_id": "main/node_000134",
    "consumer_node_ids": [
      "main/node_000135"
    ],
    "consumer_count": 1,
    "shared_by_multiple_consumers": false,
    "is_graph_output": false,
    "is_graph_input": false,
    "is_initializer": false,
    "original_kind": "intermediate",
    "classification_note": null
  },
  {
    "name": "/model/model.8/m.0/cv1/conv/Conv_output_0",
    "resource_category": "intermediate_activation",
    "shape": [
      "unk__79",
      128,
      "unk__83",
      "unk__84"
    ],
    "dtype": "float32",
    "storage_kind": "dense",
    "element_count": null,
    "element_size_bytes": 4,
    "raw_bytes": null,
    "mib": null,
    "mb": null,
    "hypothetical_int8_bytes": null,
    "size_status": "UNKNOWN_SHAPE",
    "shape_status": "UNKNOWN_SHAPE",
    "dtype_status": "KNOWN",
    "unknown_reason": "dim[0] symbolic: unk__79; dim[2] symbolic: unk__83; dim[3] symbolic: unk__84",
    "producer_node_id": "main/node_000133",
    "consumer_node_ids": [
      "main/node_000134",
      "main/node_000135"
    ],
    "consumer_count": 2,
    "shared_by_multiple_consumers": true,
    "is_graph_output": false,
    "is_graph_input": false,
    "is_initializer": false,
    "original_kind": "intermediate",
    "classification_note": null
  },
  {
    "name": "/model/model.8/m.0/cv2/act/Mul_output_0",
    "resource_category": "intermediate_activation",
    "shape": [
      "unk__79",
      128,
      "unk__97",
      "unk__98"
    ],
    "dtype": "float32",
    "storage_kind": "dense",
    "element_count": null,
    "element_size_bytes": 4,
    "raw_bytes": null,
    "mib": null,
    "mb": null,
    "hypothetical_int8_bytes": null,
    "size_status": "UNKNOWN_SHAPE",
    "shape_status": "UNKNOWN_SHAPE",
    "dtype_status": "KNOWN",
    "unknown_reason": "dim[0] symbolic: unk__79; dim[2] symbolic: unk__97; dim[3] symbolic: unk__98",
    "producer_node_id": "main/node_000152",
    "consumer_node_ids": [
      "main/node_000153"
    ],
    "consumer_count": 1,
    "shared_by_multiple_consumers": false,
    "is_graph_output": false,
    "is_graph_input": false,
    "is_initializer": false,
    "original_kind": "intermediate",
    "classification_note": null
  },
  {
    "name": "/model/model.8/m.0/cv2/act/Sigmoid_output_0",
    "resource_category": "intermediate_activation",
    "shape": [
      "unk__79",
      128,
      "unk__97",
      "unk__98"
    ],
    "dtype": "float32",
    "storage_kind": "dense",
    "element_count": null,
    "element_size_bytes": 4,
    "raw_bytes": null,
    "mib": null,
    "mb": null,
    "hypothetical_int8_bytes": null,
    "size_status": "UNKNOWN_SHAPE",
    "shape_status": "UNKNOWN_SHAPE",
    "dtype_status": "KNOWN",
    "unknown_reason": "dim[0] symbolic: unk__79; dim[2] symbolic: unk__97; dim[3] symbolic: unk__98",
    "producer_node_id": "main/node_000151",
    "consumer_node_ids": [
      "main/node_000152"
    ],
    "consumer_count": 1,
    "shared_by_multiple_consumers": false,
    "is_graph_output": false,
    "is_graph_input": false,
    "is_initializer": false,
    "original_kind": "intermediate",
    "classification_note": null
  },
  {
    "name": "/model/model.8/m.0/cv2/conv/Conv_output_0",
    "resource_category": "intermediate_activation",
    "shape": [
      "unk__79",
      128,
      "unk__97",
      "unk__98"
    ],
    "dtype": "float32",
    "storage_kind": "dense",
    "element_count": null,
    "element_size_bytes": 4,
    "raw_bytes": null,
    "mib": null,
    "mb": null,
    "hypothetical_int8_bytes": null,
    "size_status": "UNKNOWN_SHAPE",
    "shape_status": "UNKNOWN_SHAPE",
    "dtype_status": "KNOWN",
    "unknown_reason": "dim[0] symbolic: unk__79; dim[2] symbolic: unk__97; dim[3] symbolic: unk__98",
    "producer_node_id": "main/node_000150",
    "consumer_node_ids": [
      "main/node_000151",
      "main/node_000152"
    ],
    "consumer_count": 2,
    "shared_by_multiple_consumers": true,
    "is_graph_output": false,
    "is_graph_input": false,
    "is_initializer": false,
    "original_kind": "intermediate",
    "classification_note": null
  },
  {
    "name": "/model/model.8/m.0/cv3/act/Mul_output_0",
    "resource_category": "intermediate_activation",
    "shape": [
      "unk__79",
      256,
      "unk__99",
      "unk__100"
    ],
    "dtype": "float32",
    "storage_kind": "dense",
    "element_count": null,
    "element_size_bytes": 4,
    "raw_bytes": null,
    "mib": null,
    "mb": null,
    "hypothetical_int8_bytes": null,
    "size_status": "UNKNOWN_SHAPE",
    "shape_status": "UNKNOWN_SHAPE",
    "dtype_status": "KNOWN",
    "unknown_reason": "dim[0] symbolic: unk__79; dim[2] symbolic: unk__99; dim[3] symbolic: unk__100",
    "producer_node_id": "main/node_000156",
    "consumer_node_ids": [
      "main/node_000157"
    ],
    "consumer_count": 1,
    "shared_by_multiple_consumers": false,
    "is_graph_output": false,
    "is_graph_input": false,
    "is_initializer": false,
    "original_kind": "intermediate",
    "classification_note": null
  },
  {
    "name": "/model/model.8/m.0/cv3/act/Sigmoid_output_0",
    "resource_category": "intermediate_activation",
    "shape": [
      "unk__79",
      256,
      "unk__99",
      "unk__100"
    ],
    "dtype": "float32",
    "storage_kind": "dense",
    "element_count": null,
    "element_size_bytes": 4,
    "raw_bytes": null,
    "mib": null,
    "mb": null,
    "hypothetical_int8_bytes": null,
    "size_status": "UNKNOWN_SHAPE",
    "shape_status": "UNKNOWN_SHAPE",
    "dtype_status": "KNOWN",
    "unknown_reason": "dim[0] symbolic: unk__79; dim[2] symbolic: unk__99; dim[3] symbolic: unk__100",
    "producer_node_id": "main/node_000155",
    "consumer_node_ids": [
      "main/node_000156"
    ],
    "consumer_count": 1,
    "shared_by_multiple_consumers": false,
    "is_graph_output": false,
    "is_graph_input": false,
    "is_initializer": false,
    "original_kind": "intermediate",
    "classification_note": null
  },
  {
    "name": "/model/model.8/m.0/cv3/conv/Conv_output_0",
    "resource_category": "intermediate_activation",
    "shape": [
      "unk__79",
      256,
      "unk__99",
      "unk__100"
    ],
    "dtype": "float32",
    "storage_kind": "dense",
    "element_count": null,
    "element_size_bytes": 4,
    "raw_bytes": null,
    "mib": null,
    "mb": null,
    "hypothetical_int8_bytes": null,
    "size_status": "UNKNOWN_SHAPE",
    "shape_status": "UNKNOWN_SHAPE",
    "dtype_status": "KNOWN",
    "unknown_reason": "dim[0] symbolic: unk__79; dim[2] symbolic: unk__99; dim[3] symbolic: unk__100",
    "producer_node_id": "main/node_000154",
    "consumer_node_ids": [
      "main/node_000155",
      "main/node_000156"
    ],
    "consumer_count": 2,
    "shared_by_multiple_consumers": true,
    "is_graph_output": false,
    "is_graph_input": false,
    "is_initializer": false,
    "original_kind": "intermediate",
    "classification_note": null
  },
  {
    "name": "/model/model.8/m.0/m/m.0/Add_output_0",
    "resource_category": "intermediate_activation",
    "shape": [
      "unk__79",
      128,
      "unk__89",
      "unk__90"
    ],
    "dtype": "float32",
    "storage_kind": "dense",
    "element_count": null,
    "element_size_bytes": 4,
    "raw_bytes": null,
    "mib": null,
    "mb": null,
    "hypothetical_int8_bytes": null,
    "size_status": "UNKNOWN_SHAPE",
    "shape_status": "UNKNOWN_SHAPE",
    "dtype_status": "KNOWN",
    "unknown_reason": "dim[0] symbolic: unk__79; dim[2] symbolic: unk__89; dim[3] symbolic: unk__90",
    "producer_node_id": "main/node_000142",
    "consumer_node_ids": [
      "main/node_000143",
      "main/node_000149"
    ],
    "consumer_count": 2,
    "shared_by_multiple_consumers": true,
    "is_graph_output": false,
    "is_graph_input": false,
    "is_initializer": false,
    "original_kind": "intermediate",
    "classification_note": null
  },
  {
    "name": "/model/model.8/m.0/m/m.0/cv1/act/Mul_output_0",
    "resource_category": "intermediate_activation",
    "shape": [
      "unk__79",
      128,
      "unk__85",
      "unk__86"
    ],
    "dtype": "float32",
    "storage_kind": "dense",
    "element_count": null,
    "element_size_bytes": 4,
    "raw_bytes": null,
    "mib": null,
    "mb": null,
    "hypothetical_int8_bytes": null,
    "size_status": "UNKNOWN_SHAPE",
    "shape_status": "UNKNOWN_SHAPE",
    "dtype_status": "KNOWN",
    "unknown_reason": "dim[0] symbolic: unk__79; dim[2] symbolic: unk__85; dim[3] symbolic: unk__86",
    "producer_node_id": "main/node_000138",
    "consumer_node_ids": [
      "main/node_000139"
    ],
    "consumer_count": 1,
    "shared_by_multiple_consumers": false,
    "is_graph_output": false,
    "is_graph_input": false,
    "is_initializer": false,
    "original_kind": "intermediate",
    "classification_note": null
  },
  {
    "name": "/model/model.8/m.0/m/m.0/cv1/act/Sigmoid_output_0",
    "resource_category": "intermediate_activation",
    "shape": [
      "unk__79",
      128,
      "unk__85",
      "unk__86"
    ],
    "dtype": "float32",
    "storage_kind": "dense",
    "element_count": null,
    "element_size_bytes": 4,
    "raw_bytes": null,
    "mib": null,
    "mb": null,
    "hypothetical_int8_bytes": null,
    "size_status": "UNKNOWN_SHAPE",
    "shape_status": "UNKNOWN_SHAPE",
    "dtype_status": "KNOWN",
    "unknown_reason": "dim[0] symbolic: unk__79; dim[2] symbolic: unk__85; dim[3] symbolic: unk__86",
    "producer_node_id": "main/node_000137",
    "consumer_node_ids": [
      "main/node_000138"
    ],
    "consumer_count": 1,
    "shared_by_multiple_consumers": false,
    "is_graph_output": false,
    "is_graph_input": false,
    "is_initializer": false,
    "original_kind": "intermediate",
    "classification_note": null
  },
  {
    "name": "/model/model.8/m.0/m/m.0/cv1/conv/Conv_output_0",
    "resource_category": "intermediate_activation",
    "shape": [
      "unk__79",
      128,
      "unk__85",
      "unk__86"
    ],
    "dtype": "float32",
    "storage_kind": "dense",
    "element_count": null,
    "element_size_bytes": 4,
    "raw_bytes": null,
    "mib": null,
    "mb": null,
    "hypothetical_int8_bytes": null,
    "size_status": "UNKNOWN_SHAPE",
    "shape_status": "UNKNOWN_SHAPE",
    "dtype_status": "KNOWN",
    "unknown_reason": "dim[0] symbolic: unk__79; dim[2] symbolic: unk__85; dim[3] symbolic: unk__86",
    "producer_node_id": "main/node_000136",
    "consumer_node_ids": [
      "main/node_000137",
      "main/node_000138"
    ],
    "consumer_count": 2,
    "shared_by_multiple_consumers": true,
    "is_graph_output": false,
    "is_graph_input": false,
    "is_initializer": false,
    "original_kind": "intermediate",
    "classification_note": null
  },
  {
    "name": "/model/model.8/m.0/m/m.0/cv2/act/Mul_output_0",
    "resource_category": "intermediate_activation",
    "shape": [
      "unk__79",
      128,
      "unk__87",
      "unk__88"
    ],
    "dtype": "float32",
    "storage_kind": "dense",
    "element_count": null,
    "element_size_bytes": 4,
    "raw_bytes": null,
    "mib": null,
    "mb": null,
    "hypothetical_int8_bytes": null,
    "size_status": "UNKNOWN_SHAPE",
    "shape_status": "UNKNOWN_SHAPE",
    "dtype_status": "KNOWN",
    "unknown_reason": "dim[0] symbolic: unk__79; dim[2] symbolic: unk__87; dim[3] symbolic: unk__88",
    "producer_node_id": "main/node_000141",
    "consumer_node_ids": [
      "main/node_000142"
    ],
    "consumer_count": 1,
    "shared_by_multiple_consumers": false,
    "is_graph_output": false,
    "is_graph_input": false,
    "is_initializer": false,
    "original_kind": "intermediate",
    "classification_note": null
  },
  {
    "name": "/model/model.8/m.0/m/m.0/cv2/act/Sigmoid_output_0",
    "resource_category": "intermediate_activation",
    "shape": [
      "unk__79",
      128,
      "unk__87",
      "unk__88"
    ],
    "dtype": "float32",
    "storage_kind": "dense",
    "element_count": null,
    "element_size_bytes": 4,
    "raw_bytes": null,
    "mib": null,
    "mb": null,
    "hypothetical_int8_bytes": null,
    "size_status": "UNKNOWN_SHAPE",
    "shape_status": "UNKNOWN_SHAPE",
    "dtype_status": "KNOWN",
    "unknown_reason": "dim[0] symbolic: unk__79; dim[2] symbolic: unk__87; dim[3] symbolic: unk__88",
    "producer_node_id": "main/node_000140",
    "consumer_node_ids": [
      "main/node_000141"
    ],
    "consumer_count": 1,
    "shared_by_multiple_consumers": false,
    "is_graph_output": false,
    "is_graph_input": false,
    "is_initializer": false,
    "original_kind": "intermediate",
    "classification_note": null
  },
  {
    "name": "/model/model.8/m.0/m/m.0/cv2/conv/Conv_output_0",
    "resource_category": "intermediate_activation",
    "shape": [
      "unk__79",
      128,
      "unk__87",
      "unk__88"
    ],
    "dtype": "float32",
    "storage_kind": "dense",
    "element_count": null,
    "element_size_bytes": 4,
    "raw_bytes": null,
    "mib": null,
    "mb": null,
    "hypothetical_int8_bytes": null,
    "size_status": "UNKNOWN_SHAPE",
    "shape_status": "UNKNOWN_SHAPE",
    "dtype_status": "KNOWN",
    "unknown_reason": "dim[0] symbolic: unk__79; dim[2] symbolic: unk__87; dim[3] symbolic: unk__88",
    "producer_node_id": "main/node_000139",
    "consumer_node_ids": [
      "main/node_000140",
      "main/node_000141"
    ],
    "consumer_count": 2,
    "shared_by_multiple_consumers": true,
    "is_graph_output": false,
    "is_graph_input": false,
    "is_initializer": false,
    "original_kind": "intermediate",
    "classification_note": null
  },
  {
    "name": "/model/model.8/m.0/m/m.1/Add_output_0",
    "resource_category": "intermediate_activation",
    "shape": [
      "unk__79",
      128,
      "unk__95",
      "unk__96"
    ],
    "dtype": "float32",
    "storage_kind": "dense",
    "element_count": null,
    "element_size_bytes": 4,
    "raw_bytes": null,
    "mib": null,
    "mb": null,
    "hypothetical_int8_bytes": null,
    "size_status": "UNKNOWN_SHAPE",
    "shape_status": "UNKNOWN_SHAPE",
    "dtype_status": "KNOWN",
    "unknown_reason": "dim[0] symbolic: unk__79; dim[2] symbolic: unk__95; dim[3] symbolic: unk__96",
    "producer_node_id": "main/node_000149",
    "consumer_node_ids": [
      "main/node_000153"
    ],
    "consumer_count": 1,
    "shared_by_multiple_consumers": false,
    "is_graph_output": false,
    "is_graph_input": false,
    "is_initializer": false,
    "original_kind": "intermediate",
    "classification_note": null
  },
  {
    "name": "/model/model.8/m.0/m/m.1/cv1/act/Mul_output_0",
    "resource_category": "intermediate_activation",
    "shape": [
      "unk__79",
      128,
      "unk__91",
      "unk__92"
    ],
    "dtype": "float32",
    "storage_kind": "dense",
    "element_count": null,
    "element_size_bytes": 4,
    "raw_bytes": null,
    "mib": null,
    "mb": null,
    "hypothetical_int8_bytes": null,
    "size_status": "UNKNOWN_SHAPE",
    "shape_status": "UNKNOWN_SHAPE",
    "dtype_status": "KNOWN",
    "unknown_reason": "dim[0] symbolic: unk__79; dim[2] symbolic: unk__91; dim[3] symbolic: unk__92",
    "producer_node_id": "main/node_000145",
    "consumer_node_ids": [
      "main/node_000146"
    ],
    "consumer_count": 1,
    "shared_by_multiple_consumers": false,
    "is_graph_output": false,
    "is_graph_input": false,
    "is_initializer": false,
    "original_kind": "intermediate",
    "classification_note": null
  },
  {
    "name": "/model/model.8/m.0/m/m.1/cv1/act/Sigmoid_output_0",
    "resource_category": "intermediate_activation",
    "shape": [
      "unk__79",
      128,
      "unk__91",
      "unk__92"
    ],
    "dtype": "float32",
    "storage_kind": "dense",
    "element_count": null,
    "element_size_bytes": 4,
    "raw_bytes": null,
    "mib": null,
    "mb": null,
    "hypothetical_int8_bytes": null,
    "size_status": "UNKNOWN_SHAPE",
    "shape_status": "UNKNOWN_SHAPE",
    "dtype_status": "KNOWN",
    "unknown_reason": "dim[0] symbolic: unk__79; dim[2] symbolic: unk__91; dim[3] symbolic: unk__92",
    "producer_node_id": "main/node_000144",
    "consumer_node_ids": [
      "main/node_000145"
    ],
    "consumer_count": 1,
    "shared_by_multiple_consumers": false,
    "is_graph_output": false,
    "is_graph_input": false,
    "is_initializer": false,
    "original_kind": "intermediate",
    "classification_note": null
  },
  {
    "name": "/model/model.8/m.0/m/m.1/cv1/conv/Conv_output_0",
    "resource_category": "intermediate_activation",
    "shape": [
      "unk__79",
      128,
      "unk__91",
      "unk__92"
    ],
    "dtype": "float32",
    "storage_kind": "dense",
    "element_count": null,
    "element_size_bytes": 4,
    "raw_bytes": null,
    "mib": null,
    "mb": null,
    "hypothetical_int8_bytes": null,
    "size_status": "UNKNOWN_SHAPE",
    "shape_status": "UNKNOWN_SHAPE",
    "dtype_status": "KNOWN",
    "unknown_reason": "dim[0] symbolic: unk__79; dim[2] symbolic: unk__91; dim[3] symbolic: unk__92",
    "producer_node_id": "main/node_000143",
    "consumer_node_ids": [
      "main/node_000144",
      "main/node_000145"
    ],
    "consumer_count": 2,
    "shared_by_multiple_consumers": true,
    "is_graph_output": false,
    "is_graph_input": false,
    "is_initializer": false,
    "original_kind": "intermediate",
    "classification_note": null
  },
  {
    "name": "/model/model.8/m.0/m/m.1/cv2/act/Mul_output_0",
    "resource_category": "intermediate_activation",
    "shape": [
      "unk__79",
      128,
      "unk__93",
      "unk__94"
    ],
    "dtype": "float32",
    "storage_kind": "dense",
    "element_count": null,
    "element_size_bytes": 4,
    "raw_bytes": null,
    "mib": null,
    "mb": null,
    "hypothetical_int8_bytes": null,
    "size_status": "UNKNOWN_SHAPE",
    "shape_status": "UNKNOWN_SHAPE",
    "dtype_status": "KNOWN",
    "unknown_reason": "dim[0] symbolic: unk__79; dim[2] symbolic: unk__93; dim[3] symbolic: unk__94",
    "producer_node_id": "main/node_000148",
    "consumer_node_ids": [
      "main/node_000149"
    ],
    "consumer_count": 1,
    "shared_by_multiple_consumers": false,
    "is_graph_output": false,
    "is_graph_input": false,
    "is_initializer": false,
    "original_kind": "intermediate",
    "classification_note": null
  },
  {
    "name": "/model/model.8/m.0/m/m.1/cv2/act/Sigmoid_output_0",
    "resource_category": "intermediate_activation",
    "shape": [
      "unk__79",
      128,
      "unk__93",
      "unk__94"
    ],
    "dtype": "float32",
    "storage_kind": "dense",
    "element_count": null,
    "element_size_bytes": 4,
    "raw_bytes": null,
    "mib": null,
    "mb": null,
    "hypothetical_int8_bytes": null,
    "size_status": "UNKNOWN_SHAPE",
    "shape_status": "UNKNOWN_SHAPE",
    "dtype_status": "KNOWN",
    "unknown_reason": "dim[0] symbolic: unk__79; dim[2] symbolic: unk__93; dim[3] symbolic: unk__94",
    "producer_node_id": "main/node_000147",
    "consumer_node_ids": [
      "main/node_000148"
    ],
    "consumer_count": 1,
    "shared_by_multiple_consumers": false,
    "is_graph_output": false,
    "is_graph_input": false,
    "is_initializer": false,
    "original_kind": "intermediate",
    "classification_note": null
  },
  {
    "name": "/model/model.8/m.0/m/m.1/cv2/conv/Conv_output_0",
    "resource_category": "intermediate_activation",
    "shape": [
      "unk__79",
      128,
      "unk__93",
      "unk__94"
    ],
    "dtype": "float32",
    "storage_kind": "dense",
    "element_count": null,
    "element_size_bytes": 4,
    "raw_bytes": null,
    "mib": null,
    "mb": null,
    "hypothetical_int8_bytes": null,
    "size_status": "UNKNOWN_SHAPE",
    "shape_status": "UNKNOWN_SHAPE",
    "dtype_status": "KNOWN",
    "unknown_reason": "dim[0] symbolic: unk__79; dim[2] symbolic: unk__93; dim[3] symbolic: unk__94",
    "producer_node_id": "main/node_000146",
    "consumer_node_ids": [
      "main/node_000147",
      "main/node_000148"
    ],
    "consumer_count": 2,
    "shared_by_multiple_consumers": true,
    "is_graph_output": false,
    "is_graph_input": false,
    "is_initializer": false,
    "original_kind": "intermediate",
    "classification_note": null
  },
  {
    "name": "/model/model.9/Add_output_0",
    "resource_category": "intermediate_activation",
    "shape": [
      "unk__75",
      512,
      "unk__114",
      "unk__115"
    ],
    "dtype": "float32",
    "storage_kind": "dense",
    "element_count": null,
    "element_size_bytes": 4,
    "raw_bytes": null,
    "mib": null,
    "mb": null,
    "hypothetical_int8_bytes": null,
    "size_status": "UNKNOWN_SHAPE",
    "shape_status": "UNKNOWN_SHAPE",
    "dtype_status": "KNOWN",
    "unknown_reason": "dim[0] symbolic: unk__75; dim[2] symbolic: unk__114; dim[3] symbolic: unk__115",
    "producer_node_id": "main/node_000169",
    "consumer_node_ids": [
      "main/node_000170"
    ],
    "consumer_count": 1,
    "shared_by_multiple_consumers": false,
    "is_graph_output": false,
    "is_graph_input": false,
    "is_initializer": false,
    "original_kind": "intermediate",
    "classification_note": null
  },
  {
    "name": "/model/model.9/Concat_output_0",
    "resource_category": "intermediate_activation",
    "shape": [
      "unk__75",
      1024,
      "unk__104",
      "unk__105"
    ],
    "dtype": "float32",
    "storage_kind": "dense",
    "element_count": null,
    "element_size_bytes": 4,
    "raw_bytes": null,
    "mib": null,
    "mb": null,
    "hypothetical_int8_bytes": null,
    "size_status": "UNKNOWN_SHAPE",
    "shape_status": "UNKNOWN_SHAPE",
    "dtype_status": "KNOWN",
    "unknown_reason": "dim[0] symbolic: unk__75; dim[2] symbolic: unk__104; dim[3] symbolic: unk__105",
    "producer_node_id": "main/node_000165",
    "consumer_node_ids": [
      "main/node_000166"
    ],
    "consumer_count": 1,
    "shared_by_multiple_consumers": false,
    "is_graph_output": false,
    "is_graph_input": false,
    "is_initializer": false,
    "original_kind": "intermediate",
    "classification_note": null
  },
  {
    "name": "/model/model.9/cv1/conv/Conv_output_0",
    "resource_category": "intermediate_activation",
    "shape": [
      "unk__75",
      256,
      "unk__104",
      "unk__105"
    ],
    "dtype": "float32",
    "storage_kind": "dense",
    "element_count": null,
    "element_size_bytes": 4,
    "raw_bytes": null,
    "mib": null,
    "mb": null,
    "hypothetical_int8_bytes": null,
    "size_status": "UNKNOWN_SHAPE",
    "shape_status": "UNKNOWN_SHAPE",
    "dtype_status": "KNOWN",
    "unknown_reason": "dim[0] symbolic: unk__75; dim[2] symbolic: unk__104; dim[3] symbolic: unk__105",
    "producer_node_id": "main/node_000161",
    "consumer_node_ids": [
      "main/node_000162",
      "main/node_000165"
    ],
    "consumer_count": 2,
    "shared_by_multiple_consumers": true,
    "is_graph_output": false,
    "is_graph_input": false,
    "is_initializer": false,
    "original_kind": "intermediate",
    "classification_note": null
  },
  {
    "name": "/model/model.9/cv2/act/Mul_output_0",
    "resource_category": "intermediate_activation",
    "shape": [
      "unk__75",
      512,
      "unk__112",
      "unk__113"
    ],
    "dtype": "float32",
    "storage_kind": "dense",
    "element_count": null,
    "element_size_bytes": 4,
    "raw_bytes": null,
    "mib": null,
    "mb": null,
    "hypothetical_int8_bytes": null,
    "size_status": "UNKNOWN_SHAPE",
    "shape_status": "UNKNOWN_SHAPE",
    "dtype_status": "KNOWN",
    "unknown_reason": "dim[0] symbolic: unk__75; dim[2] symbolic: unk__112; dim[3] symbolic: unk__113",
    "producer_node_id": "main/node_000168",
    "consumer_node_ids": [
      "main/node_000169"
    ],
    "consumer_count": 1,
    "shared_by_multiple_consumers": false,
    "is_graph_output": false,
    "is_graph_input": false,
    "is_initializer": false,
    "original_kind": "intermediate",
    "classification_note": null
  },
  {
    "name": "/model/model.9/cv2/act/Sigmoid_output_0",
    "resource_category": "intermediate_activation",
    "shape": [
      "unk__75",
      512,
      "unk__112",
      "unk__113"
    ],
    "dtype": "float32",
    "storage_kind": "dense",
    "element_count": null,
    "element_size_bytes": 4,
    "raw_bytes": null,
    "mib": null,
    "mb": null,
    "hypothetical_int8_bytes": null,
    "size_status": "UNKNOWN_SHAPE",
    "shape_status": "UNKNOWN_SHAPE",
    "dtype_status": "KNOWN",
    "unknown_reason": "dim[0] symbolic: unk__75; dim[2] symbolic: unk__112; dim[3] symbolic: unk__113",
    "producer_node_id": "main/node_000167",
    "consumer_node_ids": [
      "main/node_000168"
    ],
    "consumer_count": 1,
    "shared_by_multiple_consumers": false,
    "is_graph_output": false,
    "is_graph_input": false,
    "is_initializer": false,
    "original_kind": "intermediate",
    "classification_note": null
  },
  {
    "name": "/model/model.9/cv2/conv/Conv_output_0",
    "resource_category": "intermediate_activation",
    "shape": [
      "unk__75",
      512,
      "unk__112",
      "unk__113"
    ],
    "dtype": "float32",
    "storage_kind": "dense",
    "element_count": null,
    "element_size_bytes": 4,
    "raw_bytes": null,
    "mib": null,
    "mb": null,
    "hypothetical_int8_bytes": null,
    "size_status": "UNKNOWN_SHAPE",
    "shape_status": "UNKNOWN_SHAPE",
    "dtype_status": "KNOWN",
    "unknown_reason": "dim[0] symbolic: unk__75; dim[2] symbolic: unk__112; dim[3] symbolic: unk__113",
    "producer_node_id": "main/node_000166",
    "consumer_node_ids": [
      "main/node_000167",
      "main/node_000168"
    ],
    "consumer_count": 2,
    "shared_by_multiple_consumers": true,
    "is_graph_output": false,
    "is_graph_input": false,
    "is_initializer": false,
    "original_kind": "intermediate",
    "classification_note": null
  },
  {
    "name": "/model/model.9/m/MaxPool_output_0",
    "resource_category": "intermediate_activation",
    "shape": [
      "unk__75",
      256,
      "unk__106",
      "unk__107"
    ],
    "dtype": "float32",
    "storage_kind": "dense",
    "element_count": null,
    "element_size_bytes": 4,
    "raw_bytes": null,
    "mib": null,
    "mb": null,
    "hypothetical_int8_bytes": null,
    "size_status": "UNKNOWN_SHAPE",
    "shape_status": "UNKNOWN_SHAPE",
    "dtype_status": "KNOWN",
    "unknown_reason": "dim[0] symbolic: unk__75; dim[2] symbolic: unk__106; dim[3] symbolic: unk__107",
    "producer_node_id": "main/node_000162",
    "consumer_node_ids": [
      "main/node_000163",
      "main/node_000165"
    ],
    "consumer_count": 2,
    "shared_by_multiple_consumers": true,
    "is_graph_output": false,
    "is_graph_input": false,
    "is_initializer": false,
    "original_kind": "intermediate",
    "classification_note": null
  },
  {
    "name": "/model/model.9/m_1/MaxPool_output_0",
    "resource_category": "intermediate_activation",
    "shape": [
      "unk__75",
      256,
      "unk__108",
      "unk__109"
    ],
    "dtype": "float32",
    "storage_kind": "dense",
    "element_count": null,
    "element_size_bytes": 4,
    "raw_bytes": null,
    "mib": null,
    "mb": null,
    "hypothetical_int8_bytes": null,
    "size_status": "UNKNOWN_SHAPE",
    "shape_status": "UNKNOWN_SHAPE",
    "dtype_status": "KNOWN",
    "unknown_reason": "dim[0] symbolic: unk__75; dim[2] symbolic: unk__108; dim[3] symbolic: unk__109",
    "producer_node_id": "main/node_000163",
    "consumer_node_ids": [
      "main/node_000164",
      "main/node_000165"
    ],
    "consumer_count": 2,
    "shared_by_multiple_consumers": true,
    "is_graph_output": false,
    "is_graph_input": false,
    "is_initializer": false,
    "original_kind": "intermediate",
    "classification_note": null
  },
  {
    "name": "/model/model.9/m_2/MaxPool_output_0",
    "resource_category": "intermediate_activation",
    "shape": [
      "unk__75",
      256,
      "unk__110",
      "unk__111"
    ],
    "dtype": "float32",
    "storage_kind": "dense",
    "element_count": null,
    "element_size_bytes": 4,
    "raw_bytes": null,
    "mib": null,
    "mb": null,
    "hypothetical_int8_bytes": null,
    "size_status": "UNKNOWN_SHAPE",
    "shape_status": "UNKNOWN_SHAPE",
    "dtype_status": "KNOWN",
    "unknown_reason": "dim[0] symbolic: unk__75; dim[2] symbolic: unk__110; dim[3] symbolic: unk__111",
    "producer_node_id": "main/node_000164",
    "consumer_node_ids": [
      "main/node_000165"
    ],
    "consumer_count": 1,
    "shared_by_multiple_consumers": false,
    "is_graph_output": false,
    "is_graph_input": false,
    "is_initializer": false,
    "original_kind": "intermediate",
    "classification_note": null
  }
]
